ItemNumber,ShippingReportWeight
168921,0.562179
167833,0.15
171526,0.185
167532,0.15432
321104,0.025
171165,0.059
191267,0.013
259936,0.0022046
167831,0.088
325743,0.074
325744,0.083
170101,0.09
167860,0.097
169935,0.011
195175,0.004
312770,0.53
167866,0.062
167872,0.134
302257,0.761
171107,2.9
302956,0.007
168901,0.066
168417,0.049
168896,0.0375
294397,0.119
310705,0.28
171681,0.0617
167809,1.036222
296839,0.041
170679,0.249
312769,0.18
319908,1
312768,0.74
321881,0.02267962
296800,0.633
322753,0.078
320678,1
312847,0.74
321527,0.730656
312846,0.509
312790,0.08
170328,0.221
168934,0.381
170266,0.008818
170031,0.05732
297476,0.25
A6472,0.327040099
16551,0.009
14152,0.025
21321,0.026
19299,0.181
19267,0.082
13128,0.007
169130,4.285
169604,0.034
13024,0.032
A3388,1.14
A2841,0.146
A8590,0.304
E5886,0.127
A2982,0.062
A4229,0.018
E5885,0.341
E5604,0.164
E1956,0.367
E2998,0.179622579
E3315,0.3395
12440,0.018
18430,0.02
11638,0.038
21599,0.032
11964,0.031
A4562,0.122923532
A4588,0.344730201
A4508,0.1518
13286,0.008
12573,0.01
E2640,0.233
A3943,0.47
20071,0.115
19225,0.016
A3179,1.009696616
A10888,0.598
A3885,0.027
A3092,0.677667001
A2125,0.133
A10525,0.4665
A10535,1.6706
A7307,0.749788188
A3291,0.117026831
A7701,0.66
E4800,0.6147
A3841,3.08
13824,0.057
E2565,0.567897647
A8744,0.011
A3883,0.149685482
A2121,0.105
A3128,0.769
13692,0.026
14733,0.015
13937,0.002
16950,0.011
20829,0.2045
E4089,0.283
12306,0.01
12389,0.024
A4195,0.133809749
169618,0.384
11616,0.019
169939,0.362
15340,0.047
15105,0.048
16327,0.138
19397,0.098
16770,0.028
19617,0.023
15988,0.017
18933,0.006
22038,0.202
12681,0.12
170111,0.073
A5923,0.692635549
A2991,1.145774327
A2773,0.832795591
A4134,0.484890244
A3138,0.181
A3183,0.959801455
A2108,2.252993302
A1999,3.489939695
A3251,0.998356806
A2082,0.0193
A2837,0.143788781
13535,0.179
20109,0.004
A10183,1.09
A8561,4
A7045,0.8832416
12383,0.042
A2600,0.067585263
A3096,0.19
319427,1
21090,0.016
E2815,3.06991316
E6209,2.72
E5646,0.555
E6281,3.76
E5648,3.62
E5819,6.3
E6278,3.49
E6296,0.491
E5658,0.155
E5654,0.124
E6243,4.11
E5990,3.53
E6199,2.39
E1213,5
E6198,2.39
E5909,1.09
E2572,0.702
E5612,0.53
E5509,0.0655
E3596,0.1
E4959,3.38
E4978,3.3056
E1246,4.55
E1315,4.13
E3517,0.5
E3510,0.484
E4268,0.48987976
E3597,0.49
E5820,0.456
E3558,0.274
E6246,0.0366
E5647,3.69
E5817,1
A7100,0.131
15866,0.019
E2298,0.7
14102,0.004
13181,0.055
A8741,0.021
A10903,1.73
A8740,0.021
A3673,0.011
20587,0.048
A5866,0.7418
A5827,0.342008647
21210,0.007
E6191,0.25
E1242,2.89
A1380,9.939569604
E2659,0.87
E3207,0.102
E3000,0.185
A2312,0.117
16228,0.068
A3213,0.149
A2727,0.735726824
A2264,0.04
A7299,0.098883137
18124,0.032
17791,0.037
A10384,3.4633
13989,0.014
13817,0.131
16748,0.003
18632,0.096
13719,0.018
21671,0.032
12258,0.017
A7482,0.1765
A5981,0.119748386
A2952,1.71
A4491,0.2832
20842,0.003
E1689,0.664
A2180,0.142
19498,0.07
A10501,0.455
A10921,0.191
A6686,0.07
19019,0.154
A6545,0.266
A1911,0.03
171114,0.073
19679,0.007
13780,0.127
A5991,0.849578509
11843,0.001
177014,0.025854
167850,0.125
E4495,0.4861
E3021,0.438623822
E1756,1.799854524
E1748,0.1235
E3213,0.1648
E3654,0.044
E3935,0.181
20668,0.005
13777,0.021
E3279,0.1206
E3058,0.1072
E3735,0.128
A10896,2.57
A3952,0.534785404
11915,0.02
E1605,0.388
14735,0.004
A8737,0.064
E1613,0.108
19226,0.073
169154,4.285
11699,0.007
13760,0.52
A2120,0.203662974
E4522,0.7061
A1305,61.99927309
E3669,0.618
E4921,2.5
E5864,0.48
E5892,0.4664
E3928,0.228
E2726,0.99
A10500,1.457
E3290,0.638
E5887,0.384
E4823,0.414
E3961,0.923
E5906,1
E6256,0.691
S2922,9.66
A1536,39.5
A5676,2.647
A8226,20.3
A3269,0.0669
A2855,0.598
A4098,3.64
A3912,5.79
A5227,10.69979042
A4221,1.73
A3186,0.414583426
A3311,0.108
A2036,0.13
A2691,0.277
A3147,0.365
A3047,0.367
A3168,0.406
A3169,0.407
A2671,0.46
A3232,0.994
A3204,1.07
A2940,2.629928561
A2847,2.64
A2844,0.004
A3350,0.228
A3346,0.432
A4184,0.43
A2853,0.802
A4225,0.84
A4226,2.563250483
A3959,5
A3846,5.75
A4028,1.25
A3830,1.81
A5122,4.799914459
A2207,0.297
A5311,0.907
A5114,2.379545573
A5226,0.476725581
A5121,3.369737717
A1922,1.659694482
A1949,2.299713316
A3121,0.188
A2904,1.07
A1678,13.2349
12387,0.013
A5127,0.484
A5220,0.411861872
A10920,0.191
15393,0.197
18904,0.165
16325,0.572
169983,0.476
19395,0.487
17109,0.05
20411,0.03855
169938,0.29
13448,0.472
A10844,0.433
19097,0.43
11862,0.026
A10843,0.337
16430,0.02630836
18553,0.079
15111,0.097
16577,0.083
20835,0.0193
19358,0.091
15110,0.072
17780,0.171
A10833,0.201
13180,0.041
13449,0.066
A2198,0.08
16507,0.111
15960,0.054
19545,0.122
13028,0.023
12234,0.083
16158,0.032
12259,0.067
13182,0.027
12388,0.057
A7225,0.021
19537,0.016
A2235,0.0192
12237,0.053
20669,0.039
A3087,0.0372
19066,0.014
13776,0.046
13022,0.022
20452,0.0175
13236,0.037
16413,0.007
13983,0.006
13450,0.015
19376,0.006
19051,0.011
19296,0.013
22003,0.01
15326,0.01
12665,0.015
17258,0.006
20844,0.012
16472,0.009
20567,0.007
20317,0.004
A4666,0.224981816
18067,0.057
A6933,0.273
A5221,0.364688265
A5517,0.319782621
A6698,0.207291713
A6671,0.329761653
A4962,0.186
A4511,0.239043179
A10474,0.644
A4740,0.494869276
A4487,0.301638926
A4322,0.438623822
A8847,0.687
A5730,0.561
A8860,0.702
A7476,0.5897
A10477,0.585
A3520,0.885
A8677,0.357
A1474,2.461
A4459,0.339740685
A6327,0.3182
A10832,0.132
A6154,0.021772434
316098,0.08573
A8458,2.7
A6138,0.341101462
A1627,0.782446838
A6977,0.2693
A4082,0.008
A5215,0.109769354
A2114,0.101604691
A2712,0.212281229
18725,0.075
16681,0.049
12385,0.025
A4089,0.133809749
A2400,0.116
16034,0.064
21587,0.003
E3889,0.4536
E1944,0.406872356
297328,0.041
16083,0.118
192846,0.35
16291,0.112
14038,0.026
A4230,0.017690102
194668,0.013
A1368,3.479960663
A2482,11.2
A8702,0.011
A10724,1.303
A3180,1.419744118
20097,0.007
A2655,0.33
A3305,0.234
A4448,0.1316
171113,0.068
20784,0.003
170800,0.044
12571,0.009
A10380,2.9847
A3810,2.12
A3135,0.415490611
13290,0.031
12620,0.046
16706,0.005
19415,0.008
13662,0.001
A3939,0.149
A2956,0.843
22074,0.0104
A2134,0.727562161
A2204,1.419744118
A3312,0.0322
A2871,0.114
A4417,0.0811
319811,1
A3317,0.079
19048,0.132
E2991,0.119748386
13882,0.015
15226,0.009
318385,0.012
18795,0.061
16310,0.102
11845,0.171
19934,0.144
18599,0.026
18594,0.023
11860,0.016
21909,0.003
13713,0.443
11948,0.044
13949,0.029
20577,0.002
12459,0.17
A4429,0.073935556
A7699,0.298
20412,0.006
10466,0.151
16373,0.042
169603,0.02
16604,0.037
21672,0.011
20830,0.005
A4770,0.109769354
A4817,0.072121187
A4407,0.1581
A2965,0.765
E2898,2.109658113
E1762,0.957
15922,0.009
305809,0.004
15400,0.122
13987,0.013
19285,0.054
20316,0.024
20409,0.001
E2560,0.251743765
A10847,1.08
A3371,0.173
A4750,0.314
A8406,0.229
A8743,0.009
A3060,0.066
20767,0.069
13947,0.023
A8701,0.037
A3124,0.116
A5708,0.1831
13183,0.036
10577,0.072
18586,0.181
E3022,0.631
E1289,2.269776219
E3099,0.039
E3730,0.11
E3964,0.2458
E3685,0.058059823
E1558,0.212
E2176,0.115
E4898,1.37
E1404,0.605
E3171,0.4949
E3115,0.1565
168968,1.404
E1882,5.1
A3856,0.342008647
E2647,0.903
E3886,1.6163
E3216,0.255
E1018,0.756
E2593,1.199751819
E3787,0.093893621
E3234,0.299824557
E3862,0.21046686
E4764,0.144
E4829,0.551
E3905,4.613
E4181,0.548
11797,0.001
20136,0.385
13085,0.012
17110,0.7493346
10013,0.008
A8345,0.461
A3052,0.283
20950,0.0158
E3298,0.6793
A3318,2.2
E1675,0.884958714
17779,0.142
19754,0.002
17553,0.007
14060,0.081
A4778,0.5873
16081,0.227
20036,0.003
A3417,0.357
21494,0.005
A1928,3.909966229
A10893,2.1
A3237,0.406872356
A2643,4.31
319555,1
A5132,0.5
A5515,0.4536
15881,0.003
16376,0.005
A4227,0.035833797
18875,0.33
21894,0.003
21359,0.005
A2172,0.23
E1224,5
A5599,0.121
A5795,0.0622
A6915,0.149685482
A4426,0.221806669
A2184,0.670863115
A3091,0.187787241
11578,0.041
A5211,0.2426
A5816,0.5095
A4398,0.185972872
A4465,0.037648167
A4449,0.1565
A5887,0.1444
A5597,0.236
A4117,0.184612095
A10901,0.432
19784,0.018
A5841,0.5963
A4621,1.19
A4466,0.043091275
A7208,0.2233
A5637,0.199580643
A5684,0.1266
A2386,1.284573592
A6045,1.131259371
A4506,0.354709233
A3670,0.131
A10417,0.7202
A1837,1.579862225
A5579,0.928049989
A6168,1.6087
A1057,1.700971388
A3404,0.044
A8699,0.009
A3277,1.09860072
A4228,0.017690102
A2196,0.396
A2796,0.0658
A3980,0.076657111
A3117,0.16465403
A4729,1.141691995
A4689,2.456
A2238,1.401600423
A2289,0.937575429
A5681,2.439873358
A1105,1.139877626
A1068,0.791
A5868,0.765663921
A6023,0.7445
A1773,0.620967955
A2088,0.88994823
A7676,0.484
E1288,0.456
A5030,0.526620742
A5056,0.447695669
A4428,0.1
E3209,0.509
E1291,1.304985248
A4945,0.4728
A4564,0.348
E3788,1.679652546
A5801,0.760674404
A4835,0.053977492
A7324,0.587
A10514,0.1347
E4938,0.3
A2257,0.247
167851,0.024
169121,0.001
A5658,0.315246697
A4583,0.345
A10841,0.149
A10418,0.6506
A3996,0.040823313
169058,1.133
A5452,0.152860629
A10837,0.456
A2224,0.647729904
A10834,0.283
A5570,0.168736362
A4272,1.2638
A7412,0.414
A5242,0.210920452
A10189,0.137
E5783,1.457
13083,0.005
170172,0.041
16307,0.086
A7330,1.574872709
A2475,1.43153752
10059,0.017
10877,0.319
E3725,0.405
A4795,0.215909968
A1078,1.011057393
A5301,0.463
E1585,0.3084
E2639,0.119
E3354,0.102
E5325,0.155
A1041,0.650905051
A5624,0.625503878
A4473,0.200034235
A7322,0.414
A5760,0.5753
A3683,0.459942663
18908,0.034
16234,1.174
20905,0.103
11839,0.064
16705,0.078
12522,0.075
170802,0.136
16468,0.194
12013,0.216
10613,0.154
A4293,0.3053
12413,0.081
10343,0.117
A4347,1.39
A2166,0.569712017
A5648,0.405
A5925,0.6055
14764,0.027
170714,0.082
10635,0.01
19816,0.009
E5374,0.445
E5375,0.622
A3412,0.46
21325,1.111
A3639,0.22
A6065,0.3541
A4776,0.399
A8579,0.544
A2573,0.03
A5967,0.2693
A5780,0.567
167848,0.109
A4017,0.0476
167796,0.188
18380,0.476
20891,0.201
A5629,0.4949
A4663,0.324
171282,0.024
A3264,0.201
A4966,0.195951904
20175,0.002
10654,0.05
A4078,0.13199538
E3527,0.371
20413,0.0154
169152,0.239
20590,0.00481
18637,0.022
18232,0.013
16494,0.013
A10436,3.3735
E5638,0.458
A3535,0.98
A5278,0.419
A1959,0.524
A3158,1.049612744
A1941,2.34
A3203,0.19
A4379,0.1277
A7115,0.6277
17584,0.149
15855,0.204
E2444,0.231332109
E2020,0.285
E1544,0.132
E2430,0.201
E6130,0.284
E1678,0.259
E3418,0.2554
E3949,0.183
E3833,0.115666054
E6116,0.235
E2384,0.281
E3008,0.201
E4042,0.149685482
E1177,0.279866492
E3108,0.081
E3105,0.1581
11526,0.0029484
A8402,0.59
A7071,0.834
A10830,0.454
A10235,6.56
17889,0.003
E5639,0.682
A5418,0.26988746
A4587,0.232692886
A3085,0.172
A3244,0.198
A4727,0.31388592
A4622,0.130634603
A4462,0.1252
A4363,0.251743765
A5698,0.168736362
A5396,0.20094142
A6380,0.268526683
A6804,0.18189054
A6673,0.186880056
A8606,2.31
A4843,0.409140318
A8603,3.54
A1508,2.268
A7634,0.484890244
E2003,0.0454
E3200,0.168
A3319,0.592
A3994,30.03371159
A4150,0.142
A8459,3.15
A4023,4.53
A4685,0.416
E5447,0.139
E5314,0.27
A5633,0.315246697
A4299,0.239
A10508,0.376
A4380,0.2276
A4679,0.1206
A10527,0.1386
A5323,0.210920452
A4972,0.307
A10195,0.4896
A10564,0.3948
A7096,0.444
A4667,0.224981816
A5076,0.755684888
13610,0.027
20224,0.009
A3071,0.263
15736,0.016
18874,0.141
A8347,0.72
A1964,0.351080494
A4128,1.07365314
A5523,2.3
A5520,1.279584076
A6835,1.249646979
A5749,0.3505
A10529,0.2408
E3226,0.636
A5770,0.125645086
A5736,0.21046686
A8841,1.463
A4352,0.404604394
A2828,0.622782324
A4533,0.381471183
A7483,0.2451
A7059,0.4238
A7003,0.7061
E3759,0.5
A10629,0.3767
A10737,0.8557
A5018,0.316153882
A5750,0.3505
A5802,0.617
E3956,0.25
E3687,0.456
A4278,0.421
A10521,0.3796
E3314,0.192
E3291,0.388
A4313,0.245847065
169663,1.327
A8645,0.434
A5108,0.41
A5151,3.519876791
E5433,2.183
170153,0.136
A2081,1.42972315
A4951,0.04399846
A5640,0.093893621
A4489,0.131088195
A3330,0.106
A10912,0.13
A3289,0.196
19110,0.03
A6968,5.41
E2999,0.287577563
E3806,0.171
E2286,1.52
E3429,0.299
E2491,0.456
E2278,0.9613
E1512,0.735
E1760,1.579862225
E6074,1.19
E3310,0.407
E2070,2.13
E3043,0.307989219
E3169,0.345
A3949,0.035833797
A1430,23.5
A6983,0.185972872
A4287,0.2013
A3488,0.567897647
A7384,0.3134
A4490,0.284402416
A5727,0.0622
A5622,0.121
12236,0.053
17307,0.019
12262,0.028
A10906,0.284
20702,0.064
20601,0.012
13993,0.036
196091,0.035
170895,0.035
319612,1
19944,0.01
20565,0.001
13787,0.016
A7090,4.339971796
E3180,0.2276
A4591,0.086
E3340,0.399
15284,0.068
15451,0.077
19412,0.042
13282,0.055
21087,0.006
14375,0.122
169350,0.239
13127,0.043
13712,0.005
15324,0.004
E2356,0.99
E5546,1
A8497,0.206
E2425,0.235
13365,0.024
11821,0.002
13966,0.004
319889,1
A8673,1.856
A4488,0.131088195
E3427,2.04
A7675,0.9
21381,0.066
A5352,4.899704781
E1451,0.057606231
A4029,0.634575726
20213,0.043
169222,0.023
20249,0.0153
11942,0.005
A3298,1.07
A3367,0.366
19297,0.003
A10910,0.201
A10895,1.37
10103,0.026
20839,0.025
A4744,0.153
A4971,0.178715394
A4346,0.1223
A2788,0.0452
A3082,0.0664
20600,0.003
E6122,3.63
E6241,3.97
E6276,3.62
E5652,0.245
E2542,0.98
E5464,3.54
E6349,3.68
A4824,0.161
E6113,0.127
E6351,0.4
E5262,0.685
A3018,0.777910915
10461,0.019
A1942,0.339740685
A2170,1.15983569
A1054,1.650622634
18633,0.288
10012,0.008
19111,0.019
A4038,0.217
169400,0.109
A11329,0.4004
A1908,2.37
16036,0.009
16322,0.132
20451,0.314
20705,0.0894
21905,0.007
E1573,1.36
319607,1
A6072,0.349266125
A6544,0.3
A4846,0.203209382
A2659,3.1329625
A4027,1.27
13092,0.029
11697,0.019
A5089,0.049895161
A3880,0.0387
19010,0.015
S2920,0.133
170495,0.027
319902,1
12645,0.004
A4406,0.086
E3167,0.1316
319553,1
A6648,0.222
E2216,2.299713316
A5005,0.0764
10032,0.024
E4272,0.19
E4537,0.245
E3583,0.1225
E3661,0.062
E2768,0.018
E4837,0.001
E6263,0.35
E3838,0.558
E6128,0.218
E4465,0.405
E1344,1.3605
E3280,0.324
E4813,0.054
E3369,0.161
E4814,0.226
E4784,0.19
E5163,0.127
E5164,0.342
E5166,0.228
E5167,0.001
E5160,0.646
E5478,0.093
E3047,0.083
E6132,1
E4970,0.103
E3793,0.0622
E3197,0.077564295
E3741,0.121
E3794,0.062
E3795,0.278
A2879,1.08
E3983,0.283
E1357,1.15983569
E1208,2.169985898
A7183,0.4
A7026,0.45
A2568,0.3441
A4354,0.505
A10507,0.5718
A10509,0.1853
A4547,0.299824557
A10511,0.2549
E5236,0.577
A10561,0.078
A4366,0.1072
A4303,0.372852928
A10516,0.3104
A6800,0.076
A4968,0.1305
A4918,0.1752
A4501,0.123830717
A4338,0.387821476
A4415,0.179622579
A6948,0.243579103
A2205,0.5905
A4892,0.273969791
A4585,0.289845524
A2364,1.3605
A4793,0.378296037
A1659,0.6093
A3275,0.388
A3143,0.602
A3832,0.321
A6882,0.639565242
A5696,1.025
A4325,0.9962
A4084,0.638204465
A4626,0.2971
A4321,0.40006847
A5725,0.214549191
13672,0.013
169437,0.02
17844,0.01
A3283,0.066
A3151,1.07
A6610,0.123830717
E3178,0.3303
E2406,0.104
13770,0.067
A10385,3.3959
A5037,0.127005864
A10378,3.1042
A4630,0.1678
A4399,0.4827
10175,0.042
A4452,0.286216785
A4359,0.383739145
A8618,2.25
A4624,0.200034235
A5881,0.866
A5044,0.274876976
A3469,0.039916129
14742,0.001
A5160,0.371
17244,0.017
10653,0.041
16243,0.0008
169985,0.016
12511,0.086
A10835,0.367
A4826,0.3091
A10850,0.11
16336,0.028
21313,0.028
21157,0.0454
A2330,0.127005864
15159,0.029
A10889,0.233
A10908,0.357
20643,0.0548
13968,0.0039916
20150,0.005
A7142,0.4827
A3157,0.779
A10806,3.69
18646,0.001
170712,0.01
20438,0.02154
168871,0.037
10457,0.002
A2920,0.061
192856,0.029
A6283,0.109769354
21822,0.004
A10898,0.84
19266,0.124
18650,0.007
A10905,0.367
170647,0.815
16857,0.004
A1901,0.151
A2025,0.019
A2104,0.12
A2797,0.454
A4219,1.38
A2625,0.021
14000,0.027
A3162,0.38464633
A3107,0.0364
A3041,0.0648
18357,0.019
19810,0.044
E1950,1.421558488
E1553,0.645915535
170169,0.249
19590,0.19
13520,0.022
A2921,0.116
18231,0.035
12019,0.02
12442,0.073
E4027,0.634
A2822,0.036
16251,0.145
20589,0.031
20327,0.0056
13666,0.008
192863,0.03
20634,0.003
17512,0.01814
11819,0.212
10011,0.02
10010,0.006
170870,0.239
A2645,2.1
A4534,0.2276
A5163,1.6
A5191,2.3
E2232,0.045
19438,0.016
10689,1.903
12260,0.067
169150,2.242
19328,0.002
A10526,0.4665
A2028,1.85
10121,0.003
22073,0.008
21454,0.013
168951,0.011
177021,0.285763
A10839,0.767
A3007,7.04
A3932,12.5
A5116,1.87
16253,0.005
20948,0.004
20578,0.002
13771,0.086
20507,0.0083
A2669,1.14
A7394,4.3
A4187,0.602
A2804,1.07
A2897,1.37
A1970,0.090718474
A5377,7.151
A4865,0.052616715
A4746,0.098883137
17922,0.046
A3889,0.346544571
169558,0.384
10658,0.005
A3667,0.043
A4482,0.188694426
A10578,0.1007
16017,0.054
21762,0.023
19702,0.042
15984,0.033
17463,0.04
13870,0.067
11178,1.698
18729,0.015
E4911,0.399
E2612,0.333
16233,1.114
16249,0.684
13759,0.109
15166,0.07
A3893,3.07
A2111,2.7
A5052,0.328
A5941,0.323864952
318381,0.001
E4842,0.60282426
A3156,0.773828583
16271,0.023
A6614,0.069853225
18991,0.049
18924,0.059
17554,0.062
20483,0.0019958
167732,0.384
169050,0.011
A3871,14.93044645
E2729,0.129727418
20282,0.0115
16359,0.571
16368,0.009
19990,0.003
E5715,0.444
16390,0.0454
319614,1
E2791,0.338
E3116,0.6061
E4217,0.29664941
A4191,4.3
A2866,0.285
18913,0.083
13995,0.105
E3082,0.0881
E4822,0.265
E2290,0.464
E5851,0.26
E5854,0.247
E4015,0.443
E4712,0.105
E5961,2.32
A4390,0.117319
E4611,0.228
E3528,0.399
A5820,0.531610258
A4263,0.153314221
A5799,1.689177986
A2424,1.364
A10399,2.5955
A6048,0.530703073
A10400,0.7056
A4913,0.4186
A6923,0.867268611
A6300,1.099961497
A7258,0.949822423
A1066,0.507
A2706,0.363781081
E3672,0.362
A5038,2.12
A7032,0.767931882
A5823,0.909906294
A5785,0.514373748
A6194,0.442706153
A6307,0.825991706
A5845,0.263083575
A1056,1.700971388
A4145,1.350798078
A1013,0.924874842
A4253,2.519705615
A6972,0.29664941
A6223,0.4361
E2377,0.606906591
E2398,0.599649113
11965,0.031
20530,0.002
15980,0.015
22075,0.0011
12570,0.037
17716,0.969
17715,0.149
A7296,0.119748386
A5524,1.869707749
A10836,0.406
E1800,0.069
A2171,1.289563108
A2203,1.050973521
21946,0.054
A4369,0.099790321
A8652,5.584
A3043,0.0327
15394,0.004
16256,0.002
A5963,0.039916129
20126,0.042
A2497,0.0306
E2438,0.066
168956,0.034
A10851,0.084
169605,0.001
A4579,0.0387
A7252,0.604
A3160,0.184
A4386,0.366502635
E6051,3.04
A10432,3.3912
A8436,0.244
A3001,0.634
A5504,1.289563108
A1919,0.676
A1995,1.26
A3152,1.78
177023,0.285763
A6206,1.241482317
A4205,0.875
A2178,0.128
170683,0.01
169122,0.001
16118,0.014
19787,0.011
18019,0.077
A6958,0.35607001
170605,0.021
170008,0.012
169482,10.51
A3916,0.153314221
A7309,2.898
11662,0.062
A4780,0.145603151
15446,0.625
11544,0.007
A8388,11.3
A3467,0.179622579
20080,1.178
16224,0.067
12073,0.137
13392,0.014
17890,0.003
20277,0.0005
11913,0.035
16883,0.048
A5581,0.383
E3327,0.098883137
16255,0.0034019
19836,0.62
A5020,0.065
20840,0.0022
13645,0.004
A2704,0.354
A10897,5
A8895,0.024
A5061,0.086636143
A4543,0.128
A4522,0.07
169547,1.404
13084,0.009
13566,0.0014061
18589,0.008
20034,0.122
20315,0.044
A2313,0.173
A4212,0.654987382
170494,0.088
11857,0.029
11946,0.043
A10042,0.211
A2074,0.890855415
18201,0.163
E1265,4.234
E6170,2.5
E5656,0.147
E5640,0.458
E3273,0.176901024
A6146,0.644554758
A3998,0.447695669
13193,0.113
12160,0.076
E2510,0.106
A7341,0.006
20250,0.004
10710,0.025
20019,0.002
18655,0.021
10849,0.069
E2365,0.065
21212,0.095
A10902,1.07
A4368,0.155582183
A4586,0.1388
16587,0.59
167711,0.034
21125,0.0829
13308,0.026
A2071,0.127005864
A3962,2.58
A4013,3.66
A2151,0.065
A3216,0.372
A4193,0.132902564
A2973,2.19
A2955,2.1
20264,0.248
E5137,7.491
A7350,0.514
E5097,0.001
E5098,0.001
A10808,1.92
21057,0.0259
A1981,0.888
A1914,0.942
A4900,0.2554
A4702,0.1648
A10855,0.464
A6473,0.327040099
E3624,0.94
E2590,1.26
E2587,1.28
E4286,1.717605
E5155,0.377
E5154,0.2
A6067,0.576969495
A8582,0.29
A1967,1.069570808
A7249,0.855021617
A2852,1.749959363
A5754,0.928049989
A1080,1.937293012
A7434,0.782
A5706,0.45359237
E4376,0.867722204
E3217,0.3053
E1933,0.454
A10840,0.0842
A2201,0.618699993
A2008,1
A1934,0.288
A2214,0.309
13284,0.0099994
A2683,0.082
A4102,0.633668541
E1144,2.68526683
169057,0.019
19432,0.008
11017,0.282
E4163,0.114
12175,0.013
14064,0.117
18872,0.086
A10349,4.0365
A4820,1.506
A3440,0.867
A10859,2.4362
A8640,0.067
A3680,0.829
A4593,0.077564295
A4397,0.178715394
A2567,0.371
A10845,0.603
A4574,0.11475887
A5024,0.430912752
A4637,0.3347
E2546,0.0862103
170611,0.019
A4566,0.0862
E3843,0.1266
A10857,0.457
A2845,5.35
A3911,2.57
A3844,4.954589458
16290,0.007
A3576,2.22
E2092,0.115
E2008,0.284
319557,1
E2428,0.0663
A6007,0.032658651
A10382,3.6068
16032,0.021
168983,1.133
174433,0.0005
A2999,0.115
A2700,0.235
A3140,0.578
A1096,0.0866
A3243,0.464
A2734,0.22770337
A5650,0.249
20700,0.0036
A2098,0.60282426
E3137,0.172
A2628,0.065
10623,0.063
170865,0.012
A3274,0.065
14658,0.077
320085,1
170896,0.045
16702,0.21
319886,1
E3085,0.7475
E3394,0.117
E1743,1.8443
A1834,10.8
A2589,29.8
A2243,0.646
A3342,0.064863709
A1553,2.75
16431,0.02630836
A3172,0.611896107
A7054,0.596927559
A8739,0.011
A3993,2.31967138
A3191,1.589841257
171529,1.903
E2658,0.8727
E1659,2.02
12611,0.018
11060,0.018
319558,1
170572,0.102
19067,0.007
A7552,9.48
E2854,0.114
167716,0.513
16467,0.072
A6949,0.4603
319615,1
170639,0.014
192805,0.009
13690,0.023
16066,0.014
E3783,0.901288039
E4021,0.464
169221,3.194
E3856,2.98
E5905,2.56
E3839,1.49
E1282,1.824
E1764,0.787
E4857,0.817
E4002,0.2693
E5526,1.37
E4079,0.749788188
E3901,0.9962
E4849,0.388
E1137,0.343
E3117,0.294
E3811,0.597
E3909,0.269
E1721,0.587
E1773,0.352
E4798,1.1546
E6033,0.796
E2237,0.415490611
E4127,0.618699993
E3382,0.28
E4915,0.456767517
E5988,0.801
E3906,2.3
16040,0.061
E3780,0.94
171732,1.36
E6032,0.353
E6030,0.552
12464,0.652
A5142,3.179
A5430,5.46987039
A4079,0.006
21989,0.131
326999,1
15109,0.509
10822,0.063
11789,0.043
167526,0.005
A8746,3.32
A2379,1.0419
A2508,1.799854524
A8747,4.65
A3901,0.653
E1417,0.45
13303,0.018
17805,0.003
11961,0.096
19876,0.091
16396,0.014
E2060,0.833702776
E1787,3.709931994
A7347,0.1639
A7348,0.342008647
A7385,0.2882
A7430,0.219992299
E1642,1.009696616
A6025,2.497
A2944,1.04
313942,0.42
E3486,0.253
E5876,0.2932249
E5327,0.953
A2741,0.407
A2287,0.259
A2892,7.63
A5233,3.364294608
A6435,0.419572942
A2428,4.26
A3335,0.245
E2643,0.568804832
A4388,0.16465403
A3708,20.6
A5138,1.44
A2185,0.983
A1921,1.36
A3114,0.360152342
A3990,3.019564407
A3892,5.79
A1940,1.2
A5436,1.939560974
A5254,4.899704781
A1898,0.451778001
A2824,0.231332109
A8286,0.221
A8751,7.53
E1089,45
A10565,0.015
E3155,0.124
E3891,0.512105786
A2979,1.7
A3874,3.068552383
A3631,0.911
A5382,0.36559545
A5441,0.75976722
A2242,0.451778001
A2825,0.283
12485,0.015
171153,0.059
19555,0.036
18981,0.035
16553,0.002
12405,0.14
19807,0.008
A2682,0.0813
10516,0.014
16908,0.021
A2495,0.420480127
20635,0.001
A4647,0.128
A4905,0.1876
A4952,0.04399846
A6613,0.09570799
E2273,1.07
20781,0.006
171165,0.027
A1945,0.449963631
10608,0.031
A6069,0.619607177
A4174,0.803
A3054,0.045
E5264,1.033
167713,0.073
15905,0.005
A4198,0.132902564
A3142,1.049612744
A6033,0.0432
A2035,5.03
A3250,0.246
A2834,4.35
A3033,1.71
A4073,3.66
A3833,0.115
A3831,0.707
21596,0.041
S2926,10
13297,0.005
12689,0.043
15553,0.007
E6208,3.14
E1245,4.234
E5518,0.0565
E5655,0.126
E6120,3.7
E6242,4.18
E6169,2.5
21986,0.085
20493,0.0425
A1757,0.363327488
E3786,0.228
13718,0.004
16408,0.03
12356,0.021
15396,0.226
A7501,0.007
20676,0.0254
E2186,0.065
A2454,0.039
A2690,1.399786054
A3197,0.407
A5434,1.15983569
E2660,0.608
16237,0.05
12158,0.076
A1986,1.51
319885,1
10002,0.528
16620,0.366
12594,0.405
19496,0.025
E4621,0.231332109
E1581,0.133
E4716,0.850939286
E5426,0.46
E2822,0.148
A6008,0.029937096
19837,0.136
E6350,0.558
10866,0.042
168955,0.02
15397,0.057
168982,0.757
E6336,0.062
16535,0.098
169941,0.034
16232,0.218
A6842,0.291659894
A6510,0.256733281
E4445,0.54
E1673,1.299995732
19164,0.008
20701,0.049
E2248,0.283
13826,0.126
11441,0.048
11062,0.027
14098,0.052
16477,0.003
10454,0.038
11212,0.004
20531,0.039
11822,0.111
21214,0.0158
167720,0.036
10518,0.014
20999,0.661
169481,5.98
E3908,0.263083575
167793,0.14
A5082,0.7877
A1547,1.730001299
A5711,0.816012674
A4326,0.9962
A6891,0.941
169073,0.092
A5588,0.0791
A2324,0.930771543
A4304,0.0811
A5774,0.200034235
A7460,0.618699993
A5761,3.1
A8520,2.02
A10842,0.239
11163,0.145
10463,0.079
11121,0.068
A1555,2.590919617
A5531,0.195498311
A8840,0.697
A2767,0.282134454
A2043,0.421
A3558,0.806
A5007,0.306
A4247,1.882408336
A3950,0.133809749
A2675,0.199
A3175,1.42
A3569,0.769746252
A1965,0.509837824
A10442,0.4538
A4741,0.4216
A3464,0.66995593
E3733,0.199580643
15937,0.006
318390,0.24
A7298,1.049159152
A6697,0.35
A4656,0.828
A5532,0.058059823
A6945,0.6988
A6139,0.479900727
A7351,0.54
A5849,0.43
A2444,1.369848957
A4483,0.028
A8675,0.427
A7378,0.4536
E4103,3.82968038
A1885,0.926689212
A7189,0.392
A3485,0.797
E2054,1.682827693
A3884,0.020411657
A2199,0.374
A2649,1.41
A3184,0.983841851
E5904,0.243
17924,0.021
E1768,0.733
A4423,0.259
A5822,0.085728958
A7353,0.5707
A5974,3.399674813
A6145,0.644554758
A4939,0.389
A5927,2.129162585
A2360,0.448
A7255,0.850939286
A1015,4.034250539
A2341,0.9637
167849,0.005
168344,0.01
10828,0.322
169545,0.27
11216,0.113
21674,0.016
11382,0.048
15918,0.159
13394,0.017
168930,0.068
10905,0.186
E3456,0.143788781
10857,0.027
319608,1
21782,0.03
21887,0.001
19868,0.515
20836,0.007
20135,0.048
10420,0.002
170391,0.003
180661,0.003
170650,0.016
10705,0.107
20528,0.021
16496,0.163
12984,0.14
12416,0.711
167719,0.032
20192,0.043
169075,0.109
11068,0.077
16285,0.012
170528,0.012
16286,0.034
A5683,0.800590533
A4821,1.506
A5741,0.115666054
A5709,0.1831
A4436,0.1581
A2277,0.757045666
A5029,0.188694426
A3642,0.8727
A2319,1.189772787
A7260,1.599820289
A5834,0.3002
A7159,4.007488589
A7313,1.464649763
13985,0.047
20051,0.088
13305,0.7937866
16289,0.06
167710,0.053
169931,1.903
10321,0.007
169597,0.073
A2412,1.949993599
S2924,9.61
16277,0.003
A6978,0.672677485
A3678,0.991
A8609,3.05
A1493,2.33
A3570,0.769746252
A3595,0.963883786
E6328,0.401
A4031,3.85
E1789,1.18
E3937,0.765663921
10172,0.011
14722,0.005
E1402,0.449963631
20190,0.003
19480,0.008
12616,0.002
A8752,10.1
E1643,1.79
A5807,0.523
170834,0.16
168981,0.621
A3988,5.725242894
A4046,2.1
A4125,3.64
A1685,0.657
A4572,0.476
A4071,15.1
A5528,0.123
18132,0.01
16992,0.239
13311,0.017
169151,0.16
169086,0.05
A7480,0.547485991
E4675,0.181
E1516,0.105
A3355,0.106
E2166,0.0842
13087,0.015
A2154,0.888
20766,0.0558
A10291,0.625
A2800,0.284
20677,0.0306
16915,0.022
10722,0.071
174323,0.019
10308,0.013
10435,0.17
A3105,0.037
A2810,4.22974885
E5161,0.255
E4699,0.04
16435,0.014
20837,0.009
13306,0.003
13691,0.026
A5777,0.019
A11313,0.19
A5837,0.185519279
A3852,0.278959308
E3637,0.365
E5697,3.05
E5659,0.262
21282,0.042
188682,0.091
14723,0.097
13033,0.022
E3689,0.377
A5664,1.19
13878,0.003
177038,0.011793
A3322,0.138
167731,0.109
177047,0.703068
16863,0.013
A3258,2.18
A4468,0.072
A2729,0.446788484
A2678,0.235
11581,0.115
20125,1.003
A2748,0.834609961
A11335,0.01
A6528,0.051
A5846,0.612803292
A10453,2.017
A4222,9.321776796
E6245,0.35
E2014,0.444
E1011,0.298463779
E1838,1.46
A10512,0.2549
A8607,3.68
11321,0.027
A4255,0.265805129
169554,0.027
319887,1
319606,1
16056,0.004
319900,1
17718,0.00399
170093,0.003
10212,0.128
A1937,0.313
13617,0.018
16532,0.007
170110,0.621
E5529,12.1
E1758,1.569883193
E5504,1.17
E3885,6.57
E5576,11.1
E1268,1.41
E5548,0.072
E5511,1.65
E5474,0.041
E5470,0.464
E5471,0.125
E4872,0.12
E5162,0.43
E3861,0.21046686
E3194,0.085
E3740,0.121
E5641,0.114
E5866,0.47
E3006,0.069
E6131,0.127
170893,0.025
E6292,0.03
11524,0.113
10850,0.122
15322,0.003
A5833,1.194
E1927,0.383
A3076,0.173
A7435,1.259626011
A2835,4.347229274
A4020,0.043091275
11576,0.038
11786,0.012
12390,0.024
12906,0.008
19550,0.038
20505,0.0047
20658,0.007
18776,0.007
12523,0.033
20838,0.0127
17861,0.346
A6987,3.096
A5930,1.925
A3005,0.65271942
A3476,0.381924776
E5514,21.4
E4819,0.049
169602,0.019
A6973,0.491694129
16943,0.085
A7202,0.4296
15469,0.011
A5838,0.5909
A5053,0.082553811
287813,0.04
21977,0.009
A3793,6.12
A6143,1.131259371
A8276,0.39
A8278,0.285
10548,0.005
170068,0.01
A3375,0.168
18531,0.017
A3687,0.24493988
13509,0.0168963
169435,0.099
170316,0.013
10415,0.019
A10388,3.7461
11547,0.013
20050,0.01
13879,0.009
169224,0.149
A7131,0.1173
A7004,0.7061
A4095,0.01723651
10441,0.001
10858,0.001
16914,0.022
A4973,0.1072
A4627,0.119748386
A2382,1.644725934
176968,1.224699
11595,0.024
11917,0.043
171403,0.022
11527,0.003
16682,0.174
A3079,0.045
15278,0.007
A6902,0.5512
17843,0.089
A6936,0.094800805
A6204,0.699893027
10333,0.041
17746,4.5354
16819,0.073
A4053,0.005
17646,0.091
15826,0.712
20035,0.004
E2362,0.128820233
11613,0.065
A10696,3.66
10657,0.021
A7989,0.1834
A8317,4.45
16433,0.02630836
15453,0.01577
20359,0.053
E1534,0.19323035
A7343,0.16
A3866,0.465
A5470,2.309692348
A2988,7.03
A8490,9.75
A2751,0.116
A3811,0.118
E2202,0.117026831
E4904,0.153
E4049,0.411
E4743,0.119748386
E1133,0.298010187
E2723,0.224981816
E4260,0.229971332
E3174,0.152
E1852,0.071667594
E1915,0.633668541
E2394,0.134716934
E4189,0.372
A4477,0.617
A6910,0.479
A3764,0.199
A7185,0.884958714
A4512,0.220899484
A7481,0.664
A10452,1.6794
A6271,0.349266125
A10410,0.6101
A2917,0.308442812
A8902,0.109496
A7432,0.416851388
319620,1
A8698,0.011
15395,0.01
12683,0.115
A8867,0.067
21575,0.031
12647,0.105
10310,0.018
10455,0.0454
E5475,0.125
E4826,1.139877626
E2327,0.366
A3575,1.61
A2962,3.14
A4160,1.08
A6400,3.999777519
A5096,6.419692813
E1884,1.160742875
E4087,0.458
E3982,0.185065687
A8616,2.44
A8626,4.15
A8602,2.66
A8832,3.31
A2349,1.983
A4549,0.2448
A3594,0.911
A8913,0.2806
E1426,1.1482
E2514,1.76
E3765,1.58
E1170,3.074
E3414,0.1305
E4930,0.2882
E2497,0.219992299
E4502,0.069
E4871,0.851
E1356,0.865907834
A2695,0.593
A2739,2.65
A2891,5.9846
A8749,7.76
A3063,0.262
A4467,0.1598
18246,0.068
19096,0.1
11440,0.063
13035,0.017
20569,0.013
E3232,0.0862
E3402,0.429
E5263,0.228
A5204,7.699730481
A2993,0.996
A3278,1.78
A3660,6.03
E1248,4.43
E2373,1.07
E4720,0.365
A8748,6.21
E3840,1.1955
A2906,0.357
A2839,5.28
A3069,0.152
A2927,0.629
E5462,0.835
E4003,0.4361
E4342,0.19
E1867,4.1
E4159,5.23
E3153,0.200034235
E4631,0.214
A3019,1.179793754
A3847,12.49964494
A3749,0.011
A6445,0.544310844
A6343,0.593752412
A8678,0.232
A5092,0.6
A6539,0.354
21059,0.002
171633,0.012
19782,0.174
16366,0.172
170801,0.089
171684,0.136
170868,0.023
13040,0.007
12734,0.149
20995,0.0247
169398,0.014
170818,0.01
E1941,0.778
15339,0.131
A5133,0.5
A8621,4
E4684,1.0419
E2505,0.079
E1731,0.039008944
E6180,0.454
17183,0.03075
E4969,1.04
E3476,0.267
E1202,0.867
E1204,1.6855
E1275,0.5512
E1549,0.406
A8218,2.4
A2902,1.069570808
A2981,1.109486937
A3929,0.029937096
A8558,0.066
A2702,14.09946523
A3941,0.537
E5159,0.282
14678,0.017
A8727,0.011
169593,0.11
E3422,0.114
20229,0.033
169483,0.068
15967,0.408
19596,0.031
13608,1.1865
15224,0.014
12648,0.011
12231,0.016
195469,0.06999928
A3182,0.186
170891,0.144
16354,0.036
169439,1.232
176312,0.0349
169937,0.186
20558,0.0067
20506,0.006
21089,0.011
15887,0.042
20557,0.0611
A4911,0.3
E1895,1.18478327
15449,0.028
S2923,9.4
E4139,0.033
A4706,0.535692589
A2744,0.627
A4484,0.1192
E4763,0.237
16971,0.0009
10586,0.008
E2375,2.18
E6302,0.25
E2251,0.455406739
A4069,0.146963928
13834,0.004
A2142,0.128
10167,0.04
16683,0.375
13396,0.008
10208,0.07
E2830,1.55
167847,0.008
A7311,0.509837824
E2657,0.524
18126,0.015
A4196,0.141974412
19102,1.115
A5908,0.664
E3809,0.405
10909,0.062
E4131,0.414
E3190,0.549753952
17275,0.002
E5532,5.55
A7130,0.209
21924,0.003
171683,0.684
176371,0.02296
170170,0.136
E4730,3.16
A6370,1.499576375
20240,0.86
E3776,1.95
E1982,0.732
E4164,1.261440381
E1447,0.897
A7397,0.395986139
A4411,0.334
E1791,0.805
A2232,1.642004379
A4691,0.961
A4409,0.095254398
A8778,0.54
A5654,0.257
A8280,0.214
A4519,0.2533
A5824,0.25265095
A3747,0.855
A3126,0.407
E4224,0.109769354
E2296,0.769
E4300,0.389635846
A2601,0.0972
A4007,0.362873896
A3858,0.342008647
A6407,0.48987976
18629,0.05
16061,0.019
170994,0.15
10140,0.004
16749,0.008
15448,0.091
13823,0.042
192862,0.0431
16663,0.58
13881,0.003402
14351,0.048
A5661,0.619
18909,0.05
19380,0.011
10309,0.003
13939,0.004
A4271,0.360605934
A3002,1.07
21707,0.0454
A4529,0.355616418
E4195,0.697
A5589,0.128
A5596,0.007
A6806,0.141974412
A6477,0.118841201
A1392,0.012025
A4516,0.200034235
A7373,0.049
E2680,0.24493988
13682,0.016
169018,1.903
169661,0.757
169480,2.093
16055,0.001
10819,1.142
A2231,1.642004379
A2783,0.0848
A11385,4.5443
E2795,1.882408336
E1891,0.0454
E4258,0.68
E3485,0.199
E3266,0.3091
319905,1
17478,0.1
21895,0.083
A11340,0.4889
12572,0.01
21644,0.012
11577,0.027
192844,0.009
E2050,5.28
E6250,0.43
A2584,24.8
A3900,2.78
A5942,0.276237753
A6050,0.530703073
A7259,0.949822423
A3094,0.7559
A3181,1.401600423
A4001,1.229688915
A7457,0.579691049
16328,0.096847
20672,0.0144
A2223,1.25735805
A1895,0.865907834
16578,0.042
16474,0.017
E1992,0.284
A3247,0.385
A10461,0.05
14287,0.015
A10865,0.01
18158,0.008
E5890,0.075
11863,0.001
A2756,0.239
E4291,0.781993246
E1319,0.133
E3844,0.2487
E1302,0.3821
A7500,0.2882
E1225,1.319953797
A4309,0.124284309
E2844,0.112
13708,0.016
A3801,0.242
A3086,0.177
A7123,0.20094142
A3062,0.260815613
A7656,0.699
A4446,0.299824557
16203,0.067
E1058,0.01
A3065,0.08
A5497,1.05
E4994,0.122
A1005,0.778818099
E6211,124
A5190,0.899927262
E1290,0.377
15649,0.028
A10909,0.407
170384,0.03
319817,1
18723,0.011
170761,0.187
A2029,3.2
10639,0.01
20502,0.0038
E2523,0.361059527
13368,0.028
A10464,0.478
A10173,0.5288
E3944,0.853
E5911,0.218
E1751,0.986
A4838,0.579237456
E4811,0.138
E4077,0.576969495
A6637,0.334751169
A5573,0.016
E6300,0.5
E2175,1.07
A8400,0.416
A2603,0.021
10478,0.055
A7335,0.2821
169071,15.04
19516,0.055
13828,0.189
14307,0.038
E5649,0.088
A4658,0.147871113
19770,0.188
170549,0.003
A4265,0.287577563
E1313,1.18659764
E2221,0.178
A4581,0.35788438
A5302,0.469921695
E1045,0.5707
E4878,0.3
E2266,0.366956227
E6171,0.108
E3079,0.362
16371,0.016
A8892,0.02
A10543,0.02
A8896,0.149
16493,0.011
17293,0.003674
10306,0.003
A3853,0.201848605
10354,0.063
170006,0.058
10870,0.301
16533,0.007
12238,0.131
A4437,0.0811
169936,0.136
A8357,3.66
A5212,0.2426
13688,0.023
A3628,0.0514
A7089,3.47
A4109,0.050802345
A8279,0.38
10028,4.639
A2144,0.198
E3659,0.113
A3646,0.657
A4603,1.19
A8403,0.786
16622,0.053
E3070,0.173725878
A7091,5.21
10852,0.216
A8648,0.132
A5501,0.039916129
A5510,0.190962388
A3816,0.224981816
A5426,0.264897944
A5479,0.449963631
A5808,0.516
15899,0.007
20131,0.008
E1607,0.297
A3400,0.117
A11309,0.016
A1009,1.722
A5759,0.558
19743,0.017
10098,0.034
18722,0.082
A3195,0.290752709
169349,0.16
319611,1
168883,0.063
16129,0.002
10952,0.005
21826,0.01632933
20306,0.0062
316100,0.00908
15944,0.003
10947,0.114
10132,0.017
A4021,0.188694426
16412,0.163
11947,0.014
170408,0.039
A1058,0.6976
E2679,3.37
19504,0.584
14153,0.06
A8668,1.491
A2939,0.456
12176,0.01304
A2794,0.0372
11787,0.012
12461,0.462
E6182,1
E2472,0.357
E6183,1.73
E6181,0.84
168990,0.367
17719,0.007
A5228,0.235
A5299,0.313
16609,0.001
A5705,0.45359237
21893,0.05
21892,0.84
170682,0.01
327911,1
15872,0.00337
A4471,0.199580643
10536,0.03
A10639,0.09
20495,0.013
12525,0.049
E2345,0.406
A1953,0.23
170103,0.083
A3703,2.981
E2319,0.59
169034,0.077
16085,0.267
16814,0.248
A8700,0.011
16750,0.023
E5862,0.22
13482,0.005
11272,0.027
319429,1
177027,0.44452
13283,0.075
316092,0.165
A2807,1.366673811
20764,0.005
A4722,0.027
20504,0.007
A10381,3.6765
20176,0.0005
20699,0.007
319609,1
13191,0.013
16149,0.042
A4876,0.2181
16248,0.145
A4724,0.173725878
A7426,0.071
A3044,0.124737902
10403,0.106
A1075,1.746784217
A1012,0.924874842
A4114,1.889665813
19351,0.000862
21085,0.002
20703,0.005
16432,0.0454
16769,0.059
A3354,1.773999759
A2913,1.174804238
E5843,0.398
A1211,0.94165776
E2305,0.388
12439,0.018
319884,1
E3319,0.094800805
E1418,0.615
S2916,0.0188
E4706,0.7877
16665,0.01
20843,0.008
A11334,0.199
E4132,0.407
A5790,0.974770003
E3212,0.1648
E3831,0.239
E3900,0.3505
A6152,1.2274
E6247,4
A3842,0.959
A3991,1.529967064
A7009,2.17
E5435,7.04
168931,0.044
318375,0.054
319554,1
21731,0.023
A4297,0.0631
A8385,6.08
A8355,3.06
A3574,0.464
A2621,0.405
A1925,4.889725749
A2975,10
A3971,12.5
A1936,0.364
A5118,1.303170879
A5176,0.07
A5113,1.56
A2007,1.4
A1912,0.753
A4261,0.455
A2859,1.37
A2641,0.561
A2969,3.12
A3236,0.414
A2153,0.304
A2145,0.605
A2949,0.98565622
A3457,5.3
A6466,6.199700513
A6507,0.13199538
A5409,0.15
A3206,0.611896107
A3030,1.792143454
A4159,1.366673811
E5508,5.31
A6829,0.3333
A8608,3.68
A8253,14.5
A1552,25.1
A2561,14.7
A6399,2.80955114
A2705,0.458
A8311,5.11
A6053,0.288
A2878,0.84
171338,0.032
A2005,2.26
A2101,1.249646979
A3173,0.777910915
A6032,0.133
A8349,1.65
13093,0.01103
A10063,3.96
A7356,0.542950067
A1517,5.05
E3538,0.07
A6046,1.369848957
E4158,0.128
E3453,1.805
A8310,1.2
A1530,1.32
E2223,0.079832257
325172,1
167529,0.007
21704,0.458
A1528,7.7
A4257,0.4223
11545,0.008
A5327,3.519876791
13778,0.031
A3272,0.246754249
323616,1
20049,0.105
16898,0.001
E3902,0.01
E3361,0.545
11690,0.006
16618,0.105
A7424,1.465
A2402,0.039008944
A3881,0.254011727
16436,0.037
15108,0.221
E2835,0.0993
168988,0.024
A2922,0.84
A4881,0.222260261
169553,0.044
16084,0.127
E4052,0.198
A7411,0.1765
A3359,0.115
16357,0.509
12059,0.394
A5745,0.606906591
192817,0.002
A4292,0.3053
A6082,1.0369
A5867,0.7418
10459,0.014
A6202,1.261440381
10806,0.826
10015,0.019
10504,0.003
15388,0.189
A3761,0.0196
E1677,0.854568025
A8599,0.695
A4753,0.006803886
A4418,0.185972872
11169,0.223
18122,0.014
E3645,0.055
11221,0.121
10698,0.047
E5972,0.4424
E5875,0.1488
E3641,0.35
A4709,0.914
E3718,1.084
A2411,4.259685947
A4083,2.109658113
A3532,3.379716749
A7072,0.2
E1638,0.154674998
E2215,0.163746846
E1382,0.1103298
A4439,0.141520819
A4707,0.47
A4470,0.2983
E1722,2.15
A4949,0.305721257
E3571,0.241
A7310,2.799572108
A6253,0.7914
A1520,1.049612744
E1368,0.805580049
A4880,0.059874193
E3876,0.355162826
E3635,0.127
E3655,0.293
A4684,0.135170526
19771,0.2313321
A4633,0.344730201
E3024,0.124284309
A2887,0.482
16239,0.02
13390,0.013
A5911,0.268526683
E2733,1.76
E3867,0.014514956
E2709,1.76
E4102,0.93394669
A8221,0.945
A1027,1.1
A1053,9.909632507
A4806,0.287
A8629,3.8
E1039,0.26
20786,0.2944
E3948,0.6
E5901,0.381
E5883,1
E5874,0.381
E3285,0.636
E2126,0.843
E3433,0.157
E2895,0.634
E5407,0.621
A4992,0.195951904
A5559,0.826
E3815,0.45359237
E4884,0.547485991
E2409,0.111
E1560,0.132
E3874,0.5095
E1211,26
14105,0.09
A3352,0.11
E2799,0.112
E3205,0.35788438
E4104,0.8675
E1192,1.249646979
E1008,0.199580643
E3041,0.083914588
20098,0.1
21088,0.001
A4076,2.095596749
A2874,0.727108569
20508,0.2136
A2252,1.361684295
A4049,0.193683942
A3145,0.385
A2103,0.677667001
A8933,1.25
A3661,0.039916129
169662,1.133
A1950,0.465839364
316091,0.054
A10838,0.592
11546,0.43
20380,0.159
A5078,0.199
18710,0.094
167856,0.29
A4210,0.0216
19116,0.367
168959,0.01
170497,0.077
11916,0.0435449
170496,0.036
16623,0.101
16097,0.016
10411,0.018
19379,0.125
18255,0.061
20410,0.013
13483,0.011
12680,0.026
12256,0.028
18860,0.023
13990,0.029
169607,0.017
21906,0.014
12354,0.005
15906,0.005
19783,0.021
20312,0.011
16252,0.0031
20782,0.001
13816,0.9979032
10493,0.117
169225,0.462
170646,0.598
167798,0.094
18940,0.001
A4655,0.084
E3796,0.928049989
E4168,0.7497
E3112,0.081
E1951,0.366502635
E2069,0.148
E3522,3.52
E1622,0.236
E2086,0.283
E1381,2.299713316
E1627,2.21
E3866,0.225889
A3561,1.639736418
A5505,0.466
A1223,28.4
A5556,0.3002
A5731,0.5916
A5601,0.4927
A3441,1.015
A5017,1.805
170493,0.83
13689,0.023
A1896,0.627
169438,0.423
21123,0.01
15433,0.965
E1595,0.841
16187,0.602
A4350,2.082442571
A4280,0.177808209
A4513,0.141067227
A2593,1.866986195
A1102,1.34172623
A1107,1.089982465
E1310,0.469468103
A6021,0.241764733
A7272,0.257640466
A5772,0.2487
A7262,0.186880056
A7062,0.9127
E3537,0.645
A4715,0.254
A6311,0.399614878
A4556,0.1636
A6174,1.580769409
A4617,0.397800508
A3877,0.025854765
11689,0.006
19396,0.005
A5893,0.0493
A3674,0.27
E1582,0.133
E4795,0.865907834
A4391,0.381471183
A8525,0.711
10124,0.018
A1049,0.2656
171166,0.009
A2129,9.16
13523,0.002
S2927,0.386
E3551,0.54
21055,0.0527
13825,0.116
21983,0.003
16231,0.082
18384,0.0122016
E5515,14
A2068,0.099790321
E6141,0.02
A8670,0.123
10320,0.012
A4039,0.112490908
15869,0.064
16230,0.032
22060,0.076
17842,0.019
15279,0.007
10507,0.005
A8738,0.11
A4100,0.84
A3933,18.48298189
A2251,1.809833556
13222,0.001
16150,0.042
A5074,0.005
20193,0.027
A3876,0.024
E4856,1.633
A2651,7
A3166,0.367
A3014,7.555488107
E2671,0.617
E3417,0.4877
E3225,0.5852
21992,0.013
A4342,0.307989219
E1657,0.0393
A3954,0.3972
E4682,5.276186448
A8536,1.325
A6916,0.279866492
E2317,1.77
A3110,0.7559
19731,0.039
A5783,0.233146478
10379,0.02
18498,0.06
13737,0.114
19050,0.038
A5744,0.381471183
A5958,0.491694129
A6303,0.29664941
A7363,1.1546
A5355,0.469921695
A8777,0.58
A5469,0.193
A6446,0.133
A8622,3.02
A5638,0.374213705
A4850,0.25
A4571,0.242671918
A5621,0.2
A4598,0.128
20185,0.458
A6189,0.205
A4568,0.043091275
E5551,2
E2168,0.996
E5643,0.147
E5865,0.181
E4207,1.15
E4076,0.083460996
E4028,0.032658651
E4310,0.291659894
E6185,2.58
E4078,0.7445
E3219,0.0387
A2261,0.038
A8272,0.321
309270,0.02
A3034,0.469468103
A6264,0.7356
A8307,1.05
A2731,0.111583723
12406,1.165
E3938,0.2945
E1757,1.3181
E2550,0.338
E2652,0.75
E1753,0.7574
E2766,0.64
E2513,1.76
E5897,0.191
E6063,0.462
E5830,0.469
E5831,0.515
E5922,0.758
E5440,0.156
E5439,0.153
E5967,0.303
E5453,0.158
E5455,0.105
E5454,0.231
E5456,0.217
E5780,0.185
E6168,0.175
E6174,185
E6251,0.2502
E4357,0.0195
E4350,0.0188
E4074,0.0233
E4093,0.0535
E5217,0.024
E5223,0.03
E5618,0.0315
E5226,0.021
E6092,0.0542
E6123,0.395
E6090,0.105
E5881,0.4733
E5973,0.381
E5974,0.381
E5893,0.4284394
E5833,0.555
E5501,0.53
E5884,0.138
E6072,0.256
E6002,0.392
E6069,0.243
E6070,0.165
E6068,0.427
E6004,0.645
E6067,0.293
E6005,0.444
E5829,0.43
E2155,1.145774327
E4031,0.664
E4033,0.886
E3221,0.345
E4115,0.3541
E3395,0.203209382
E4227,0.825991706
E3214,0.7062
E4053,0.198
E5821,0.141
E5899,0.378
E2169,2.4726
E2866,0.1095
E1400,0.0734
E4893,0.857
E1349,1.32
E5847,0.422
E2744,1.21
E1389,2.739697915
E1717,1.1598
E1520,0.105
E3156,0.39
E5825,0.066
E5395,0.125
E4790,0.08
E3015,0.245847065
E1579,0.128
E2338,0.274
E2807,0.143
E4512,0.190508795
E5635,0.148
E6044,0.117
E3662,0.911
E2728,0.611
E3614,0.918
E2592,1.23
E5301,0.614
E3731,0.383
E5645,1.26
E5586,0.757
E5882,0.684
E5921,0.371
E3822,1.1311
E5898,0.239
E4521,0.155
E5469,0.176
E3241,0.123830717
E3144,0.2832
E4001,0.464
E1207,0.9637
E2591,1.23
E6077,0.267
E6065,0.187
E5925,1.04
E5763,0.287
E5958,0.186
E5959,0.307
E5991,0.144
E5956,0.237
E4267,2.61
E3990,0.723933423
E3658,0.911
E6233,0.074
E6237,0.071
E6253,0.079
E6288,0.168
E2932,1.19
E4108,0.998810399
E5584,1.07
E5585,0.607
E5141,0.143
E2295,1.85
E5879,0.245
E5510,0.062595747
S2902,0.283
S2899,0.0257
S2900,0.634
S2897,0.843
S2901,0.414
S2898,0.6
S2903,0.458
E2257,0.116
E4218,3.13
E6050,0.187
E5730,0.129
E4200,1.23
E6315,8520
E3785,2.46
E4343,0.0019
E4174,0.114
E6255,0.0653
E1387,3
E5669,0.901
E5957,0.569
167828,0.006
171386,0
E2013,0.444
E4688,0.615978438
S2869,1
E6287,0.142
E6230,0.097
E6289,0.125
E1461,3.87
E6235,0.338
E6285,0.09
E6048,0.074
E3238,0.231
E4039,0.283948824
E3998,0.026
E4285,0.0141
A2784,5.819590107
A10904,0.43
11726,0.009
A1529,5.67
319903,1
E6102,0.411
E6107,0.125
E6097,0.229
E6112,0.112
E6114,0.338
E6110,0.191
E6108,0.265
A4441,0.099790321
A2607,110
A8277,0.221
E6099,0.445
E6104,0.225
A2579,110
20133,0.038
A3300,0.0324
14908,0.016
A4454,0.141520819
14107,0.217
20411,0.039
171531,0.429
E6060,0.004
A10846,0.84
A3027,9.99808302
15782,0.021
16820,0.046
A4250,5.06
170112,0.089
E6061,0.16
15917,0.108
319616,1
20134,0.059221
E4306,275.819
E4296,279.2637
E4238,240
E4223,250
E6186,151
E4284,137.3859
13884,0.003
319813,1
19910,0.005
E6105,0.274
11865,0.002
20503,0.0047
A7366,13.4
E1608,0.214
E4210,0.232
19589,0.01
E2026,0.635029318
E3817,0.4462
170819,0.815
12568,0.018
10355,0.007
A1702,11.6
14785,0.01
A3357,0.084
169660,0.621
318389,0.004
15666,0.041
A10119,1
A10121,1
17292,0.248
21323,0.159
A2279,61.4
E5839,0.286
E5840,0.192
15637,0.001
17583,0.079
14278,0.012
A2808,0.149
19018,0.071
A4950,0.005
17107,0.004
A2254,1.79
A4672,0.004
E3633,0.008
A1998,3.269947395
A2358,354.916
16538,0.009
17064,0.001
E5607,1.23
E3832,0.398
321620,0.04
321613,0.317466
312842,0.45
312850,0.2
167859,0.531
170011,0.194
323795,0.18
312773,0.17
312898,0
170228,0.043
312863,0
10004,0.088185
170527,0.13
170118,0.007
322268,0.054
316752,0.0124
321526,0.094799
323613,0.5509
323709,0.14
312771,0.79
312890,0.33
322447,0.03175147
167874,0.016
167862,0.07606
310704,1.2864
322754,0.363
168900,8.8
323683,0.14
321614,0.482812
322752,0.308
312851,0
312894,0.1496855
322750,0.163
319907,1
323797,0.99
298619,0.198
170268,0.259
307521,1.145
326304,0.041
323617,0.1057
322751,0.115
312893,0
320677,1
A3869,25.65019493
A1971,0.098883137
E1850,0.0654
A4906,0.173725878
A2863,0.327947284
320094,1
13646,0.023
A7271,1.379
16771,0.077
18585,0.088
A10394,0.017
20313,0.003
12419,0.018
12610,0.276
A8316,1.42
168975,0.202
A2381,1.644725934
E3262,0.147871113
E2037,0.284
A2629,0.019
E2808,0.229
319436,1
A3361,0.24493988
322659,0.013
E4109,1.073199547
A5537,0.015
19860,0.011
A3723,0.925
E6135,0.201
E4634,0.065
E1187,0.9127
19118,0.249
A8070,0.4536
E3732,2.93973215
A8323,17.3
318387,0.005
170390,0.094
169120,2.908
169076,0.109
12795,0.2
A5828,1.613
A5025,0.224
A7621,0.324
A6677,0.42683042
A1786,0.4274
A10448,4.9892
E3823,0.167
A7270,0.6988
A10899,3.64
A4589,0.4223
A2092,4.6
A6675,16.4
E5861,0.959
E1148,0.0263
A4155,0.210013267
E6309,0.568
E1793,0.039
E3430,0.04399846
19701,0.023
E3714,0.826
E1231,5.33
A10395,1.204
A8918,0.4055
A10481,50
A10483,50
19927,0.005
A6101,10
A1537,16.5
A3540,0.341
A4934,0.336111946
A7479,0.5202
A6974,0.231785701
A5811,0.342008647
A1052,0.923967658
10659,0.036
168562,0.036
20556,0.008
A5412,0.249929396
A4596,0.190055203
168964,0.815
A6975,0.533
A3848,2.759655979
A6267,7.008909301
A6927,1.11
A8350,2.69
A2156,0.4
A4851,0.3126
A1342,37.56742727
A2738,0.219992299
A4789,0.579
A5540,1.690085171
A10397,2.9294
A3177,1.842
A3917,3.303966823
13948,0.026
E2002,0.239
A4047,0.215002783
A4738,0.273969791
E2781,4.23
A10941,0.208
169352,0.014
170863,0.04
14750,0.057
E1253,3.14
A6054,0.017
A8871,0.918
A7703,0.78
A6004,0.903102409
A1074,0.5707
A6198,1.6087
A4921,2.119637145
A5842,0.5963
E1707,4.12
A1157,52.6
168953,0.044
A3982,0.065
A4154,0.188240834
13872,0.03
A4340,0.307989219
A2194,2.252993302
170832,0.621
A1975,0.890855415
A5952,0.8752
15681,0.041
A4903,0.157850145
E4298,0.2011
14289,0.028
E4737,0.039
E4734,0.065
E1503,0.13
E6143,0.3
E3086,0.221806669
E1320,0.134716934
E1624,0.13199538
A6918,1.57
14108,0.136
A4178,0.363
A2186,0.039
22002,0.003
11840,0.057
10322,0.054
A6022,0.349719717
A6136,0.273969791
13032,0.022
14067,0.019
A4317,0.1721
13506,0.114
A2918,0.399614878
20177,0.0357975
A10890,1.83
A5269,0.148
A6906,0.123
E6157,2.21
E2502,0.066
320091,1
E2705,0.212
E1206,3.509897759
13865,0.01
A6941,0.140160042
A8254,14.2
A1962,0.936
11590,0.015
A10933,0.03
A7008,1.6855
A4217,1.231503285
18643,0.313
E4191,0.469921695
A10372,3.3599
15902,0.003
A5533,0.1133
A4116,1.119919562
E1578,0.128
A6250,0.533
E1679,6.56
A10440,0.5296
A1242,84.9
A11436,200
A1538,8.119757015
18966,0.15989
A5737,0.21046686
E3454,0.190055203
E2324,0.414
20725,0.02
A10145,0.037
E2395,1.07
A2806,0.241311141
13531,0.002
A4999,0.143788781
18300,0.06
267023,0.005
A2715,0.592
18980,0.004
20997,0.0156
10627,0.999
A10907,0.33
169984,0.274
167714,0.239
169044,0.362
E1829,0.029937096
S2919,0.241
E5265,1.93
E3530,0.083
A10849,0.071
E4214,0.867268611
15684,0.394
20092,0.014
E1166,9.499585005
E3017,0.40006847
A11437,200
A5257,1.397518092
A5293,4.52
A3266,0.1357705
E4972,4.58
E5485,0.199
E4799,0.2821
E1671,0.329
E5502,2.56
E1729,0.03
E5605,0.031
E2213,0.037
A5259,1.15983569
E3381,0.178
E5815,0.383
A7323,0.622782324
E3228,0.2135
13519,0.0053977
16907,0.174
293014,0.0454
20106,0.023
A4074,1.701878572
10600,0.384
20228,0.053
A4845,0.113851685
20704,0.01
A6957,0.542950067
E5653,0.303
A8759,0.024
169508,0.188
E4928,0.782
A8346,0.71
170230,0.024
A8419,18.4
167818,0.179
19752,0.008
16254,0.004
E1296,0.550661137
E1593,1.15983569
E1735,0.398
11754,0.077
A8631,3.53
A3508,0.349719717
A1404,0.028576319
A5247,0.1772
A10765,0.6541
A4718,0.7202
A5274,8.759775849
A3896,19.39969207
A4043,49.30549062
A2717,0.366502635
12018,0.02
A2384,0.430912752
E2161,0.833
E2720,0.537
A2873,5.819590107
A2046,0.844
E4374,0.449963631
319439,1
170547,0.074
A10513,0.1275
13609,1.265
177909,0.011
A4606,0.110676538
18728,0.001
A5892,0.185065687
E2039,0.284
A1308,0.0107713
A6448,0.0098822
A6568,0.015
A1126,0.0078205
20110,0.063
12308,0.003
168582,0.274
E6297,1.71
A1798,3.12
E3055,0.218
E5642,0.077
E5547,15.1
A5411,0.249929396
A6930,9.99
16157,0.086
A6245,0.075296333
A4660,0.3091
10373,2.427
E1323,4.12
16057,0.004
E3951,0.228
169223,0.031
174287,0.128
A4634,0.357430788
15114,0.021
A8811,0.419
A6141,1.681920508
A4847,0.203209382
A4113,1.889665813
A7334,0.876794051
A10597,0.2128
A4122,0.074389149
169119,2.179
10473,0.05
10326,0.19
10427,0.17
171723,0.163
10846,0.102
18789,0.026
A6925,0.071
167530,0.0907
169125,0.593
E4825,0.901
E1476,0.421
E1863,0.039008944
E4672,0.816012674
19329,0.004
E6142,0.07
E2789,0.351534087
E2427,0.0663
E1209,3.6
E1251,1.63
E1611,0.602
E3064,0.383739145
A5713,0.222713854
E1594,0.838692292
318373,0.027
A8927,0.025
A7294,1.21
A5477,0.747
13484,0.131
E3802,0.800590533
11439,0.02
A3112,0.620514362
21052,0.012
E5871,0.195
169818,0.269
A5742,0.021
15398,0.002
193254,0.011
19017,0.00891
E6156,0.458
14729,0.003
193261,0.002
E3093,0.086
A6151,1.2274
13927,0.001
A4947,1.19
14059,0.213
176299,0.02
E4866,0.49
E3625,0.1897
E1691,5.58
A2066,0.108408576
A1475,0.939843391
318386,0.007
A1969,0.635936503
A10856,1.07
A7140,0.188694426
16478,0.007
21009,0.0172
A3139,0.789704316
A7692,0.97
A2928,1.070931586
E4140,0.644554758
A8408,0.444
E1854,62.5
A4993,0.067131671
A3860,0.11475887
A3729,0.271
319563,1
A4461,0.1252
16283,0.002
10074,0.067
E3346,0.01
22106,0.038
20047,0.034
10835,0.069
170804,0.262
A4494,0.03447302
A8588,0.499
A3743,0.594
A1935,0.412
A4335,0.027669135
E5184,0.53
A4194,0.125645086
E1490,0.895
A6876,0.45
A7547,1.013
A5102,0.994274475
A3393,0.045
A2942,0.6119112
E5441,0.152
A10552,0.1654
A8432,22.7
A2698,1.421558488
E5538,143
11528,0.034
10742,1.232
E3295,0.103
E2029,0.144
A4412,1
A8920,1
11057,0.602
A2832,0.603
A5948,0.550661137
A1951,0.435902268
A4682,0.1206
A3808,0.411
13465,0.001
A10444,0.0075
A8638,0.279
18245,0.005
A8614,4.233
21056,0.0416
168961,0.007
E1531,0.105
20231,0.009
E1567,0.133
E3229,0.404
A2935,17.49959363
E6325,17
E6323,8.5
E6326,37
E6322,490
A3057,0.043
A7469,0.138
A4207,0.259908428
E1370,0.342008647
A5016,0.75795285
168980,0.476
169089,0.056
170546,0.059
E3688,0.285
E3581,0.121
16521,0.036
15006,0.025
10057,0.04
A6193,0.349266125
A1065,0.0606153
A2490,0.474457619
A8538,0.849
A2496,0.420480127
A7827,1
A3968,0.356
A8768,0.202
A4554,0.03447302
A4747,0.350626902
A4620,0.2448
E3800,1.74
E2691,1.51
E4771,0.530703073
A7314,4.269664979
A5068,0.005
10785,0.091
A8921,9.48
19599,0.068
10185,0.003
10611,0.012
A7173,0.466
A2067,0.206
E5324,0.374
A7241,0.327
A10504,0.8159
E3227,0.3
A1893,0.881783567
21730,0.014
A3221,0.203
A8596,0.194
A6950,0.459942663
E2058,1.37
E3391,2.076
A3909,0.111583723
A8674,0.204
A4955,0.675
A4871,0.112490908
A3600,0.039916129
A4781,0.006
A10404,3.4076
A2747,0.862732688
E6363,0.571
10067,0.003
E3484,0.334751169
E5365,0.786
A2032,2.62
A8261,1.56
A8389,11.6
A1070,1.638829233
A5164,12
A8264,1.74
A3003,3.75
A3029,11.14930045
A8600,4.383
A3233,1.12
A10530,0.2408
A5702,0.167
A3947,0.362873896
A5679,0.800590533
A1541,1.709589643
E2413,0.23
11798,0.001
18505,0.081
A10688,0.69
A1205,1.55990416
A1791,0.550661137
E2084,0.463571402
169088,0.052
16153,0.003
170648,1.019
10958,0.233
10001,0.348
E5685,0.366
E1974,0.444
E5683,0.346
19989,0.005
325171,1
E2764,0.192
177016,0.090718
169153,2.179
E3084,0.1121
A2964,3.7
A3977,1.143959957
A2757,2.149574241
A3731,1.38
176890,0.28576
E1667,0.65
A5576,0.826
A4816,0.072121187
18814,0.024
13189,0.088
13340,0.0440461
14021,0.186
A7033,1.023757979
A6019,0.534785404
13833,0.027
15928,0.0218858
10108,0.0008
A3839,2.532859794
A10600,1.2402
A4445,1.19
A1059,1.299995732
263724,0.018
A3781,0.153
E4010,2.2947238
19592,0.003
A4121,0.590577266
A3562,0.490786944
192804,0.032
21049,0.0161
170339,8.698
169019,0.027
10979,1.142
A5928,1.34172623
A3863,0.0835
A1795,0.5466
A7038,0.884
20509,0.007
170406,0.024
A7231,0.850939286
19899,0.002
13391,0.01
16227,0.011
168342,0.027
A3314,0.0788
14063,0.005
A1881,3.83
320674,1
13877,0.013
16881,0.011
185276,0.004
A6481,0.283948824
A5757,0.294835041
A8439,0.453
A10473,0.585
A8823,0.335
A8610,3.62
A8604,2.68
A11338,0.4899
A3466,20.99951236
A6717,0.30617485
A8834,4.119
A4897,0.869990166
15916,0.054
16392,0.002
A8284,0.292
13773,0.037
A3879,0.083007404
15943,0.003
A8259,1.53
E3001,0.099790321
A4814,0.2181
16279,0.015
E3127,0.1252
A6415,0.229971332
A8353,7.38
260337,0.02
A4172,0.032658651
21208,0.023
A6924,0.7497
21937,0.054
15399,0.11
17656,0.049
E5512,7.18
E2193,0.487
A2867,0.201
A5015,0.75795285
306672,1.721
E1738,0.339287093
10394,0.023
A2779,0.20094142
169041,0.741
E3254,0.1819
A2884,0.3665
14503,0.476
A6913,0.123
A4830,0.011
A6486,0.345
E2732,0.568
A3205,1.773999759
A7282,1.446506068
A1923,0.303906888
168929,0.032
A9947,0.067
A2132,1.949993599
E5985,0.801
10834,0.041
A5545,7.245
10023,0.009
A1014,3.344
A7094,2.346
E3380,0.429
E4176,0.611442515
E2212,0.037
A8611,4.233
A3812,0.73
A4545,0.056
E2521,0.491694129
170831,0.429
A1796,1.615696022
11266,0.14
A8526,1.143
A4000,1.229688915
A3918,1.143959957
A4877,0.1305
A4474,0.1721
A4528,0.110676538
A2442,1.217895513
A2340,2.1546
11162,0.093
A6163,0.273969791
A2329,2.17996493
A2722,0.217724338
11481,0.044
A3517,0.7877
E3428,2.2145
A4915,0.259001243
15989,0.037
177032,0.703068
19817,0.027
A1062,1.299995732
18634,0.011
A2405,0.7574
18018,0.003
20326,0.0849
12472,0.003
A3961,0.544764436
319821,1
A6026,1.109940529
A7206,0.984295443
A6172,1.852017647
A7429,0.547485991
A1069,30.99940975
A2057,0.159210922
A2050,0.2451
A2020,0.4005
A8585,0.493
A7228,1.584
A2107,1.331293606
A10789,0.0724
10655,0.031
A10191,0.0837
A5033,0.0013
A7750,0.028
E5291,1.469
21405,0.004
A4831,0.1305
169608,0.022
A3957,2.999606343
21268,0.031
E3176,0.244
192845,0.244
E4020,1.702785757
A8601,3.38
A4853,0.215909968
E3818,0.1831
18199,0.067
A4779,0.484890244
16645,0.026
E1694,0.719
17164,0.026
A1976,1.239667947
168962,0.118
A2815,0.379
16429,0.042
E1964,0.22
A7312,0.256733281
A7036,2.03
A8531,2.115
S2921,9.45
A8292,5.01
16358,0.584
A8635,0.061
A8398,0.274
A8657,2.733
A7465,0.322957767
E5707,0.189148018
13996,0.358
10131,0.018
15219,0.1922324
20679,0.2029
12533,0.085
15228,0.032
319440,1
E3828,0.559
A7673,0.553
A8836,5.158
19788,0.634
11360,0.165
11640,0.038
10439,0.127
A4636,0.3347
10275,0.0005
21819,0.004
A6262,0.264897944
A4066,1.039633712
A2321,1.7567
A10924,0.392
170833,0.269
A3280,0.346
13547,0.022
170760,0.264
A5733,1.1955
A5282,14.4
A2064,11.816
10682,0.091
18204,0.014
E2453,0.198
171508,0.125
A5922,0.6147
A3895,7.12
169036,0.236
A2954,0.603
A3115,0.7
A1907,1.715939936
167718,0.027
20127,0.006
12981,0.011
A2053,1.134
A7706,2.17
A11435,2130
11099,0.507
18910,0.027
10558,0.015
169943,0.072
A4361,0.466746549
313925,0.73
A8262,1.7
A5289,0.463
E4202,1.05
16102,0.032
10044,0.029
10024,0.009
A6102,0.129727418
10856,0.097
A4033,0.659976898
A5454,0.599649113
10446,0.016
A7337,0.045
16427,0.005
10094,0.011
E2739,2.594548356
E6158,0.123
E1485,0.1248
E5986,0.801
E3698,1.79
E3045,0.013154179
E6111,0.715
169087,0.044
A8802,0.134
A5306,0.328
A8273,0.374
A8816,0.52
A8620,3.997
A8859,0.235
A5169,2.81
E3853,0.128
A8636,0.248
13320,0.03
12415,0.711
E5436,0.579
A7163,0.129727418
A6805,0.119748386
E5317,0.818
174315,0.0414
E5657,0.285
A3010,0.0842
A2560,18.2
A11419,1.8
10851,0.095
13984,0.006
E1205,1.17
10675,0.103
A5921,0.5257
E3181,0.491240537
A4943,0.083914588
A4308,0.171004323
319899,1
E2624,0.166
A3662,0.153767813
A7470,0.00952544
A2732,0.22
A2737,0.066
A2730,0.20094142
A2868,0.3
A2909,0.148
A2769,0.235
17611,0.002
170640,0.131
E2751,0.98
20566,0.004
E5853,0.117
A2015,1.2
10899,0.025
168881,0.516
19897,0.009
A5717,0.018597287
A5662,0.093893621
12233,0.227
E4697,0.069
185277,0.066
A6275,0.7789
E6179,0.367
12447,0.052
A6020,0.241764733
A3189,1.959972631
12509,0.114
10425,0.999
12455,0.052
A5721,1.0814
E1300,0.259
A3931,2.333
A5079,0.561
A7070,0.533
A4894,0.127
A4937,0.216
E3250,0.312978735
A5562,0.765663921
A5585,2.93973215
11201,0.136
10464,0.057
A2612,1.160742875
E4551,0.934
A4424,0.2386
A7050,0.204570159
A5693,0.291
A4291,0.415
A4595,0.239950364
A5059,0.086636143
A4296,0.5909
A5809,0.514373748
A5835,1.139877626
A2394,0.453
A8383,1.37
20529,0.01
21950,0.04
10636,0.027
A7431,0.464932179
319618,1
11316,0.034
19268,0.018
171152,1.957
E3192,0.053977492
A5886,0.323
A6288,0.26217639
303234,0.007
E4034,0.949822423
A10472,0.0565
E2670,0.617
E6043,0.817
E4833,0.001
S2896,1.26
E2219,0.08
E4150,0.085
E3016,0.415
E5915,0.233
E4591,0.37
E2585,1.28
S2915,1
S2513,0.062
E6155,0.139
E6058,0.012
E4134,0.8395285
E6286,0.131
E6240,0.08
E5975,0.288
E6301,0.443
E4845,0.081
S2624,0.435
S2895,0.649
S2894,0.843
S2893,1.07
E6332,0.241
E6324,2650
E6000,0.27
E6313,0.493
S2884,0.216
E4220,0.025854765
E6049,0.17
E5925,0.103
E1019,2.899816021
E1978,0.338
E3959,0.4046
E1844,0.075
A3387,0.337
A2586,23.3
A3870,15.1201
E5772,221
E4289,137
E6078,0.173
171527,0.227
11799,0.001
11905,0.001
20281,0.004
E2771,0.832795591
E1570,0.096
E1886,0.569
16576,0.083
A3376,0.265
A7277,16.2
13287,0.012
A10900,1.38
E6344,3.5
A2914,2.619949529
19223,0.097
E2848,0.698985842
A2787,0.067
A5365,0.379
318377,0.01
312844,0
312897,0.1
312845,0
312843,0
181279,0.0022046
328083,0.1
321133,0.207
167850,0.277
170333,0.107233
170635,0.01
312892,0.33
170503,0.112436
168938,0.157
171201,0.111
170761,0.413
312789,0.23
326503,0.353
169594,0.23
318378,0.007
329799,0.018
170102,0.01
20248,0.009
19020,0.141
10985,1.404
167725,0.036
A7253,0.2145
266000,0.115
10351,0.05
A4015,4.836201849
313911,2.83
17970,0.032
171219,0.429
E2440,0.128
A2328,0.067
E2367,0.246754249
16398,0.0454
E4971,2.29
10076,2.908
A8644,0.434
10421,0.05
176294,0.0553
16987,0.029
10499,0.006
13454,0.001
E2177,1.07
10913,1.391
E6035,0.104
319327,0.032
E3338,0.188694426
E4719,0.354
A10919,3.623
E1056,1.089982465
18583,0.079
A5077,0.334751169
A4839,0.579237456
A5854,1.3603
A5541,1.690085171
A5703,0.5095
A2833,0.653
A8581,0.388
A4713,0.147871113
A4264,0.287577563
A4639,0.083914588
10502,0.003
13285,0.008
171223,0.003
A4798,0.409140318
A4319,0.40006847
169485,0.274
192827,0.008
15966,0.091
A3713,16.4
14547,0.598
11010,0.621
A2241,0.038
316078,0.1386
E2969,4.23
A10911,0.065
10369,0.012
A7145,0.164200438
A2236,0.218
14491,0.058
320093,1
A3907,0.308896404
286314,0.018
16584,0.175
16121,0.006
E4325,0.544
A4539,0.143788781
A8328,0.54
E5530,15.1
E3098,0.056
E3870,0.342008647
A4192,8.06
A2976,17.87244656
A2250,0.197
A2491,289
E5860,3.07
E5954,0.974
E3128,0.1598
E3095,0.095254398
E1051,0.0866
E2226,0.045
A1495,3.33980062
169072,0.011
177908,0.05
21133,0.652
E1575,1.77
A3546,1.199751819
A6919,2.02
319888,1
E4850,1
A5762,0.523
A1064,2.132791324
E5438,0.166
A4259,1.19
E4065,0.903102409
A6645,22.22829409
E5506,4.18
A6330,0.11475887
10072,2.093
A3282,0.3668945
A5848,0.371
15164,0.049
21222,0.01
265064,0.002
168967,0.227
21883,0.077
182306,0.53
E2001,0.239
A10669,0.77
21126,0.0014
A4315,0.099790321
A2070,0.108
E4225,1.07
A2157,0.645915535
A10230,0.89
327570,0.018
A11383,0.761
A9830,2.43
A10848,0.096
15229,0.032
17297,0.0074
16405,0.029
A1359,13.49981612
177037,4.672001
E5427,6.24
E6109,0.116
E6103,0.124
A6354,0.34835894
A8343,5.32
E1577,0.108
A5224,0.411861872
A5480,0.427
E2146,1.7
S2889,0.027
S2917,0.027
A7413,0.54
A5416,0.283
E3478,0.404
A4763,0.244486287
A4698,0.347905348
A10771,0.1717
A1764,0.819641413
A4912,0.38
E1688,0.744
A7150,0.5708
A5046,0.616
21058,0.115
A1011,0.778818099
A10550,0.5129
A7046,13.757
E1334,3.89
E6371,0.003
12733,0.136
A4629,0.0691
A4460,0.221806669
16534,0.125
17862,0.059
18017,0.8699902
A3859,0.032658651
171685,2.908
17185,0.005
A8251,1.9
10319,0.023
20665,0.0159
A5907,1.87379008
E3915,0.182
E2361,0.228610554
A4050,2.789593076
16117,0.013
E1407,0.581
A6299,0.903102409
A11346,384
A3669,0.1562
A4584,0.289845524
A7588,1
A5929,0.4113
A2782,0.201
E4153,0.672677485
A1926,3.83
A4703,0.1211
E3666,2.02
13177,0.136
A2148,6.86
A10860,2.4362
10488,0.01
A2105,0.890855415
A5154,0.02
A6571,0.248
A8890,0.04
16986,0.012
A2925,1.702785757
E6266,0.2
A2692,0.273969791
E6184,1.08
E5398,121.85
E1631,0.672
A8329,1.42
A3450,55.5
A8835,4.119
E3887,0.75976722
A8912,0.012
177019,0.113398
A4701,0.027669135
A4618,0.053977492
12407,0.449
A8584,0.024
16397,0.0454
14308,0.096
304300,0.004
192327,0.005
E4769,1.492
E2336,0.59
A1897,0.865907834
19509,0.01
10116,0.017
A3926,2.3
A4928,0.171004323
A3953,0.421387312
15325,0.009
17754,0.013
A4059,5.286
E2082,0.603
A4092,0.313
A2221,1.15
A10370,3.2521
A8808,0.326
A2193,1.15983569
A5722,1.13
177017,0.172365
A7316,0.071
A2202,0.726654977
E1465,2.11
A11384,0.12
A10940,1.16
A4065,0.81
179328,0.002
A2131,3.74
E4035,0.065
A2115,1.97
A3015,0.379656814
A4245,0.186880056
12000,0.137
A4337,0.083914588
A1497,33.3
E5450,13.8
A7894,1
167533,0.0005
A6137,0.341101462
15929,0.002
A10551,0.4896
10350,0.025
A6056,0.0375
E1441,3.269947395
A9841,0.081
A10640,0.12
170866,0.089
A4052,0.025
14790,0.012
13534,0.177
E3677,0.476271989
E5513,14.3
A1077,1.259626011
A7120,10.8
E2575,0.349719717
14749,0.223
A3657,0.819641413
A8313,1.08
E2748,1.23
A4402,0.2448
19245,0.017
E6031,0.02
E3245,0.344730201
16787,0.005
20513,0.007
A4008,0.154
A3093,0.615
S2918,0.051
329800,0.016
E5360,52
E5651,123
11592,0.013
E2452,0.101
E2810,0.144
168987,0.016
A3229,0.0342
21761,0.008
A8207,9.75
A3463,4.7283
12688,0.145
12669,0.023
A3599,14.2
A4243,0.605999406
E5826,0.525
E5465,3.47
A10135,0.357
15996,0.004
E2342,0.239
A3253,0.989738551
A4575,0.11475887
18518,0.086
10944,0.24
E3269,0.398254101
A7947,0.0486
E5662,2.62
E5661,2.6
E5549,10.7
10201,0.082
A2306,6.92
13904,0.129
A4875,0.2181
19920,0.108
E5300,3.37
A6064,0.3541
A6412,0.046720014
E3548,0.069853225
312119,0.001
A7295,0.956626308
A10637,0.022
A11426,0.264
12443,0.024
316093,0.1642004
A4190,4.26
A2423,6.12
E3188,0.39
319893,1
168958,0.621
A6170,0.672677485
A7205,0.984295443
A7219,0.368
A6551,0.39
E3065,0.633
E6252,0.0788
A6259,0.867268611
A1979,0.563
12471,0.048
E3748,0.4927
168584,1.327
A10264,0.57
192861,0.003
15225,0.007
A5214,6.42
E2724,0.086
E2429,0.454953147
A3340,0.037
E3647,0.298010187
E6342,0.045
A4330,1.321314574
A6921,2.999606343
12414,0.634
A8268,3.51
170349,0.1
A8931,0.235
A5919,0.504848308
A4360,1.19
A3634,0.956
E3917,0.871
322160,1
13864,0.079
11861,0.016
A8364,14
A8533,0.267
A1534,2.44
12880,0.206
15323,0.441
193264,0.01
15639,0.041
A8881,0.863
17070,0.063
19206,0.046
20494,0.0574
13644,0.004
A8247,5.98
A3016,0.147871113
A3353,0.9889505
A6142,1.681920508
A6308,0.825991706
E5519,0.219
E4958,827
A1250,18.2
A6236,0.932
A5303,0.354709233
A8275,0.292
A5439,0.528435111
16024,0.261
A1947,0.220899484
20309,0.0365
A10361,4.3111
A2174,2.109658113
16469,0.181
13224,0.013
10193,0.054
20613,0.004
A2986,0.0784
A3753,1.7
A11375,0.3625
20055,0.118
A11373,0.8185
A7257,1.259626011
16539,0.096
E3912,0.185519279
E1009,0.637
13986,0.064
A10623,2.7386
A4414,0.161025291
A10132,0.3123
E1894,2.66
A10466,0.3556
E2805,0.027
S2519,3.6174
S2914,0.728
S2912,0.438
S2911,0.269
S2913,0.35
E6045,0.155
E5381,0.348
E1020,2.928845933
E6333,0.429
E6082,0.729
E5728,0.129
E5951,0.368
E6378,0.817
20480,0.111
E6101,0.018
A10332,0.462
A10347,0.462
E5687,0.855
E2901,2.374556057
A1479,9.45
E6338,0.007
A2635,44.2
A10894,1.71
13930,0.05647
18517,0.2035723
195002,0.077161
167730,0.619499
167873,0.121
312891,0.24
312841,0.3
169380,0.13
167807,0.33
170263,0.114
312896,0.14
180004,0.050706
171402,0.068
183113,0.1565266
323796,0.1
263676,0.171961
297054,0.73
167875,0.016
312792,0.01
312895,0
169078,0.05
16266,0.03
A3391,0.036
17184,0.003
A2790,0.045
10113,0.135
A1735,0.849
A10528,0.1386
A7603,1.19
E1948,0.444974115
A5456,0.298010187
A5319,0.2144
E1428,0.414
E3143,0.131088195
E2752,0.17599384
A5964,0.309803589
10232,0.043
20379,0.02
A4582,0.1848
E5599,5.27
A3188,0.117
A5256,16.69945669
A2856,0.457674701
E3440,0.1305
E6192,0.08
E6190,0.085
A5312,13.3995722
A3775,21.229
A2016,0.452
A3478,0.0293
E3165,0.2276
15870,0.0106776
10593,0.0412
A10665,0.27
A6745,0.037
A3580,0.05170953
A4137,0.103872653
16617,0.171
A4769,0.109769354
A1082,0.51482734
A1364,0.29
319815,1
16229,0.068
169353,0.018
313897,0.23
A8878,3.048
A6959,1.038726527
A10396,2.9041
A1966,7.319620075
A3257,1.78
A9824,4.49
A7044,6.389755716
13467,0.002
E1849,2.6
E4785,0.208
E4896,0.680842147
E1229,4.41
E2007,0.354
21943,0.187
A4177,1.68
13457,0.075
E3018,0.0561
E2873,1.03
A1382,0.0132748
A2622,0.0101
A6702,0.0327572
A5378,0.015
13711,0.083
A7113,8.61
E1755,9.48
E5507,5.2
11108,0.041
176098,0.028
10831,0.184
A4037,0.090718474
A3940,2.7
A2339,1.8
11158,0.024
A5782,0.233146478
A7490,2.6559
14731,0.196
A6159,0.1404
11009,0.965
E6189,0.364
17323,0.019
16794,0.001023
16466,0.584
E6144,1
E3032,0.631
E3572,0.039
E3570,0.092
A7695,3.43
A5939,0.38283196
A8387,9.3
A3754,1.229688915
A6009,0.153
11269,0.177
318371,0.012
A4532,0.33
A6257,0.720758276
A5764,1.1955
A5677,1.276862522
A2398,2.483871818
E3304,0.317
A5608,1.854739201
167709,0.027
11529,0.022
170317,0.018
10904,0.045
A10522,0.3796
10151,0.046
11165,0.048
19339,0.711
S2851,0.65
15665,0.015
A7031,6.268
16170,0.03
16508,0.117
A5976,0.474911211
A10942,2.7265
E1537,0.199
E3600,1.339911861
E3642,3.923574001
A10136,0.26
A1150,23.79953806
A6669,0.184612095
17477,0.208
10174,0.021
17789,0.002
17580,0.003
18195,0.012
A3819,0.289845524
10638,0.008
180003,0.024
16352,0.099
19928,0.019
A1465,0.347905348
11061,0.054
E1685,25.5
A9800,1.34
15280,0.124
10523,2.116
A8283,0.299
A3303,0.149
10000,0.032
13301,0.017
E5267,2.17
A4899,0.2554
318374,0.031
A3249,0.152
A10892,0.577
A1642,4.489657278
A10128,0.0021
A8430,18
168954,0.789
A3658,1.17
176293,0.009
E2552,4.7283
A2390,1.569883193
A6106,0.899020077
A4929,2.2145
E2756,0.277
E3913,0.249929396
A4868,0.2093
176310,0.002
E1391,8.2456
E6187,0.064
E3300,0.028
E3405,0.054
E5292,0.002
E3078,0.037648167
A4569,0.077564295
A3207,0.62006077
A3150,0.457674701
A2646,2.079721016
E5912,0.372
E1805,0.0306
10631,0.001
16246,0.03
170335,0.032
A9989,0.363
A8571,0.128
E6164,1.5
16103,0.006
E3726,1.829791621
E5528,10.6
E5550,2.18
167527,0.072
A5003,0.199
10741,0.423
13528,0.043
A3972,6.259
A4316,0.2667
A6287,0.26217639
A1542,1.6855
A3323,0.238
A5177,0.0001
A6027,1.109940529
A6982,0.491240537
A3526,1.199751819
A2439,1.707775273
A1500,0.279866492
A1519,1.023757979
A8008,1
A7752,0.15
A4270,0.089811289
A4408,0.161025291
10134,0.025
A6247,0.579691049
A4298,0.2395
E3416,0.574
10200,0.217
19333,1.916
A3547,0.275330569
A2499,0.03
11482,0.032
170759,0.149
10409,0.048
20670,0.0067358
A4909,0.230878516
A6276,0.6849
E2360,0.2268
A3414,0.79
A8271,0.214
A6703,0.324772137
A8605,2.43
E1437,0.201
A3137,0.2
A6519,0.300278149
E1007,0.255826097
A4456,0.339740685
A3432,0.263990759
A3637,0.271
16425,0.06
E3784,0.315246697
E4793,0.261
21945,0.065
A3431,1.43
12922,0.047
10120,0.004
A5917,1.681920508
A7179,1.599820289
A4395,0.0881
13567,0.001
10390,0.514
A8409,0.605
A2763,0.354
A6144,1.7
A8508,0.228
A8255,4.24
A1929,5.969729182
A5055,1.19
A10746,0.3776
E2137,0.778
16350,0.002
E4190,0.372
16329,0.002
A3710,3.574
A3295,0.116
10676,0.036
10615,0.039
A6203,1.261440381
A5792,0.058059823
170890,0.072
A10398,2.6708
E1697,0.1765
E1989,0.372
A8589,0.608
A2149,5.13
15920,0.159
11167,0.009
19381,0.111
A4199,0.467
10202,0.057
16639,0.068
14588,0.87
A8617,3.182
13736,0.076
E2353,0.155
A8613,2.4
316083,1
11054,0.307
12612,0.04
10506,0.0045
12747,0.005
325170,1
14198,0.175
E1977,0.368
12441,0.016
A10351,1
A7523,0.0454
E2281,0.602
E1783,0.009979032
E5989,0.801
A6907,0.23
A5548,0.002
A5747,1.496854821
A5979,0.325679322
A4469,0.209559675
E3175,0.355616418
15167,0.005
16497,0.016
21269,0.043
A4745,0.13789
17255,0.012
325890,1
A2437,3.709931994
A10392,0.6101
A8351,2.76
A8934,1.42
A4216,8.04990379
15107,0.208
18069,0.103
E2027,0.843
A2551,0.0987
16537,0.009
319895,1
13869,0.03
18596,0.086
15500,0.222
A8753,0.585
A10601,0.457
177049,2.004878
A4756,0.196859089
A8843,0.115
A3133,0.692635549
10249,0.009
10791,0.027
A5243,1.049612744
170869,0.028
11313,0.275
E5385,3.41
E5384,2.06
16505,0.033
313905,0.6
A10517,0.3104
A5690,0.115
E1305,5.22
13827,0.085
A2481,7.01
10696,1.133
A3409,0.354
A6705,0.254011727
A8250,1.93
A8954,3.22
E4870,0.37
A5701,0.1258
A7881,1
A10542,0.386
A5806,1.433
A3497,0.209559675
A1549,2.649886626
E1981,0.735726824
A1841,3.472
A4523,0.07
A4269,0.089811289
A5565,0.421
E3916,0.3542
11166,0.043
A2869,0.3
A8634,0.686
E1763,1.24
10963,0.489
11005,0.37
A10290,0.198
A1116,0.13789208
13455,0.075
11438,3.103
11155,0.236
10148,0.451
A4524,0.1136
A2506,0.606
A3127,0.463
10048,0.078
A8305,0.188
169375,0.092
A10403,3.33
A10884,8.11
A8289,0.191
E1629,0.451778001
13469,0.01
E3593,0.896752115
10599,0.003
A8891,0.019
A8897,0.021
13928,0.056
320090,1
E3387,1.61
11007,0.032
E1299,0.829
A1491,5.95
A4855,0.11
E3481,0.444
E3257,0.063
E1482,0.618699993
A4825,0.447695669
E2877,0.383
E4072,0.02494758
E4731,6.379776684
A2696,0.462664217
18500,0.005
170894,0.024
E3565,1.43
E5389,0.061
16416,0.018
E5844,0.443
A1984,1.79
13366,0.096
13845,0.0001424
E3616,0.379203221
E5434,0.246
E3289,0.42
E2423,0.231785701
A4862,0.122016348
A10626,24.7
E2206,0.195951904
11838,0.018
E3893,0.240857548
10480,0.013
E6291,0.398
15223,0.001
A10723,2.2861
185409,0.122
170681,0.053
A7227,1.681920508
E3498,0.081
10080,1.327
E2380,0.234960848
A8287,0.285
A5222,0.364688265
A5518,0.28
E1754,14.7
E1439,0.108
E1388,0.289845524
S2813,0.444
10033,0.028
S2814,0.88
265553,0.212
12493,0.123
S2815,0.93
A4967,0.1305
A5815,1.598913104
A4517,0.2726
10168,0.034
170954,0.429
170057,0.462
169037,0.271
11265,0.014
11320,0.029
15125,0.037
10075,0.049
10271,0.021
21737,0.05
10065,0.009
A3419,0.683
168850,0.021
E1468,0.019
10553,0.052
10142,0.045
169557,0.271
11204,1.4
10574,0.02
10669,0.684
10871,0.149
11368,0.319
12448,0.029
10881,0.282
11008,1.726
10414,0.029
10036,0.015
10317,0.086
17157,0.056
A4009,0.469921695
12263,0.028
169033,0.038
A1846,0.863
11217,0.024
175016,0.91
A3981,0.016
13607,0.016
10050,0.05
21324,0.053
A10502,0.4268
10004,0.03
10667,0.103
A10420,0.8437
A2742,1.399786054
A2911,2.149574241
E1892,0.065
A5146,5.849527204
A4130,0.457
A10373,3.3914
A8882,0.3
E5832,0.277
15534,0.407
10609,0.014
16332,0.258
A2116,0.107501392
E1235,0.607
16624,0.067
A10803,0.05
E1172,3.34
169040,0.458
A1980,2.344
A8399,1.046
A1974,1.251461349
A10438,1.361
S2822,0.484
S2823,1.07
325889,1
A5675,1.737
A10661,0.046
A6030,0.458581886
15458,0.005
E5432,0.842
E2836,3.019564407
A4578,0.0387
E6125,0.809
E4654,0.319
E1434,0.125
E3984,0.0493
E4083,0.041
E4111,0.0375
E6307,6.21
S1288,0.118
S2783,0.204
E6054,0.074
E5423,0.131
E5467,0.065
E5914,0.158
E4727,0.067
E4901,0.247
S2788,0.066
E5422,1.13
E5421,0.55
E4468,0.1442
S2714,0.176
E6011,0.055
S2803,0.472
E4838,0.261
S2666,0.234
E4879,0.149
E5290,3.66
21871,0.009
13999,0.041
A4809,0.094800805
21012,0.013
A10891,0.983
A2633,134
A2409,149
E2773,0.834609961
18339,0.022
312849,0.55
168903,0.476198
170576,0.064
20469,0.094
296901,0.007
167846,0.33
296803,0.612
302549,0.288
13779,0.031
10727,0.08
167715,0.439
10746,0.04
11116,0.06
10330,0.212
10962,0.065
A5094,0.4425
A8818,0.51
A8944,3.4
A4260,0.175
A8615,3.53
A5910,0.025854765
E5856,0.066
19686,0.218
A2684,0.231785701
10581,0.037
E2098,0.196
A7444,0.073
A7365,0.162839661
A5897,5.499807486
A11434,1.5
A9988,0.342
10276,0.124
A5965,0.29
10842,0.915
A1055,0.368770597
E4673,0.246754249
13291,0.031
18638,0.049
A4642,0.375
A5840,0.1444
A2772,1.367
170775,0.017
A5913,0.191869573
11171,0.149
10288,0.332
10058,0.015
169022,0.01
A3828,0.430005567
11996,0.01
14219,1.64
A10497,0.67
20884,0.122
10647,1.427
A10289,188
E2415,0.0788
E5165,0.744
A4211,0.149685482
A4252,9.539501133
319432,1
16035,0.064
10146,0.03
10407,0.008
11069,0.516
A1269,23.3
10337,0.77
A8833,4.544
A10387,3.533
A10774,3.37
A10383,3.2981
A1723,4.1477
A8427,12.8
A3737,17.9
E3675,0.152860629
A11377,1.4234
10112,0.017
167723,0.009
A3742,0.207
16169,0.027
A10582,0.1695
10571,0.035
10440,0.34
10712,0.274
314622,0.094
16314,0.045
E3191,0.131088195
12799,0.026
A10616,0.3219
A1706,1.18659764
A7212,27
11322,0.032
10370,0.034
12391,0.32
19819,0.666
A1038,0.055791862
A4757,0.207745305
15638,0.018
13369,0.02
A6603,0.263
A5959,0.592
A7767,1
170231,0.05
A1016,4.034250539
313547,0.13
A3097,0.0446659
E4069,0.279866492
170453,0.006
A7344,0.339287093
E5790,1.79
E1398,0.586
16362,0.105
13447,0.031
A8889,0.012
S2870,0.08
A2350,1.19
E5950,0.341
16250,0.221
18386,0.002
E2272,0.457674701
E4016,0.559
10079,0.174
E3242,0.1678
E1676,2.99
11015,0.306
A2334,0.0206
E2838,3.55
A2529,0.325679322
E1880,3.67
10025,0.467
E4098,0.061
18877,0.0728587
15341,0.011
A1120,0.692635549
E3455,0.2448
E4695,0.4113
11354,0.19
169074,0.092
E5383,10.5
A6134,0.280320085
A7056,3.214609126
167801,0.041
E2446,0.358
A2054,1.049612744
A8537,0.651
11944,0.076
E1369,1.76
A4431,0.631
E3053,0.2667
A5956,1.031
E4919,0.367
11149,0.127
A5798,1.689177986
10720,0.008
12462,0.844
A8637,0.279
A3609,0.53
A8527,1.626
A4481,0.124737902
A2970,0.436809452
19117,0.222
10843,0.915
12446,0.156
11025,0.826
A2304,0.930771543
E3712,0.3705
A7006,1.319953797
A2840,0.219992299
E2087,0.288
A4281,0.1678
A3663,0.153767813
A8216,20.8
19198,0.082
169039,0.4
A1118,0.215909968
A6098,0.922606881
A2286,0.259
A1768,0.120201978
14763,0.071
A4896,0.476725581
A1020,3.142941532
A1031,1.4483
A4016,3.679541305
A5869,0.2945
168969,3.194
10471,0.163
A9831,3.13
A4594,0.284402416
A4665,0.552929099
10733,1.327
169484,0.109
E2665,0.89
A4829,0.282
E2247,0.367
A6960,7.357
E4808,0.645915535
13924,0.02
E4063,1.0369
A7095,7.42
10719,0.038
A8935,0.383
A4006,0.134716934
A3270,0.0662
E1478,0.435
11823,0.005
A4115,1.019675648
E3247,0.4223
E2411,0.065
A3474,0.255
A3475,0.189148018
A9826,9.44
10083,0.04
A2479,0.0632
E1834,0.012
13867,0.061
22006,0.015
A4743,6
E6334,0.223
A2441,1.217895513
A8586,0.262
A4560,0.381471183
A4153,0.103872653
A3471,0.029
18702,0.01
10492,0.01
15283,0.221
11161,0.358
A5645,1.933664273
A4611,0.131088195
A2431,1.626582239
E1853,1.045530413
A5891,0.773
A7321,0.246754249
A7178,1.019222055
A4370,0.080739442
E2855,0.0428
E4149,0.0866
A7441,0.419
168974,0.135
10456,0.035
10231,0.011
11325,0.027
16514,0.176
11362,0.008
10040,0.026
A5425,0.179622579
A3049,0.531156665
19554,0.003
A2392,57.529
A4138,0.279866492
A8267,3.44
11055,0.054
12060,0.083
10668,0.002
E1696,1.31
168957,0.757
19015,0.036
10737,0.011
E1813,0.431
E2841,0.457
E1427,1.889665813
E2116,1.18
A3745,0.082
12978,0.114
13389,0.013
A10305,66.9
A5217,0.065770894
285601,0.011
16410,0.057
12384,0.02
E2690,1.58
A8394,72.4
14309,3.7684454
A6232,1.535863765
A5598,0.236
A7674,0.467
A4940,0.306
A6342,0.257
A6083,2.279755252
311530,1.631
A10228,2.7449
E1145,0.639565242
19759,0.089
A4857,0.224981816
A4498,0.457
A5630,1.721836637
E1654,0.95
E3343,0.135
A8529,1.292
A6173,1.580769409
A5954,1.834
A4640,0.227249777
A5903,0.231785701
A2265,2.05
A7169,0.385
A10367,0.264
A3462,0.88
A4884,0.119748386
E6341,3680
A1787,0.4
19502,0.005
E4116,0.0375
E3907,1.1789
E1052,0.087
A6405,0.710779244
A4088,0.84
A3230,1.072
S2842,0.24
E4654,1
S2887,1
S2874,1
S2873,1
E4538,0.139
E1520,1
E6056,0.014
A2230,1.42
E5232,174
E5233,194
E5234,194
E5235,197
11050,0.039
E5842,0.546
A5447,0.023
A8766,1.8
A5574,0.255
170495,0.06
168933,0.301
311101,0.124
326193,0.025
167830,1.338206
171106,0.37
171204,0.0482
E3413,0.2181
16356,0.0009
A1084,0.979759519
A5551,0.123
A10143,0.123
A8827,0.284
A8922,0.135
A8352,7.23
18530,0.025804
170100,0.001
16370,0.01615
E3467,0.5
319896,1
13696,0.03
E4694,0.419572942
E3425,0.2
E2964,0.035833797
A10520,0.1919
E2264,0.399
A2606,106
E2707,1.229688915
A7085,1.8443
10055,0.068
A4599,1.19
10462,0.106
21994,0.003
E3894,0.3567
170059,2.242
13190,0.013
A1466,27.3
E3252,0.0811
E4165,0.699893027
A8509,0.405
19300,0.111
A3511,0.755684888
13347,0.106
E1709,0.930771543
10143,0.018
E2860,0.0765
E2930,0.0497
168933,0.136
E4197,8.61
301872,0.036
A5723,0.008
E1199,0.913
18907,0.01446
11268,0.052
E2755,0.108
15447,0.091
10041,0.009
A8426,10.2
A8424,8.82
A1943,4.739586674
A2041,1.1469
E3002,1.2638
A7276,3.767
19478,0.006
A10733,0.294
16473,0.009
16218,0.005
177026,0.312978
E1960,0.458
A4858,0.564722501
A1993,4.219769818
A3098,0.046
10031,0.089
11960,0.039
A2883,1.37
E3706,1.690085171
13814,0.002
A4123,0.125645086
A5485,0.298010187
E2607,0.275330569
10650,0.265
A3023,0.463
13663,0.001
A8320,7.78
10203,0.021
16415,0.032
10910,0.169
A1063,2.132791324
171154,0.494
179325,0.008
A3196,0.290752709
A10762,0.7188
A6197,0.0454
20435,0.012
A6917,1.18
A3061,0.172818693
E3550,0.2426
A1272,45.99925583
A7705,2.13
A4810,0.52
15285,2.908
13619,0.008
21104,0.0739
A8249,4.21
168932,0.034
10026,0.684
313546,0.09
313896,0.15
313898,0.28
313899,0.38
313900,0.42
313906,0.73
313907,1.13
313908,1.29
313912,3.38
313943,0.55
313944,0.8
313946,1.3
313947,2.05
313948,3.02
A3100,0.0369
A10122,0.08355
21209,0.005
16703,0.21
10096,0.018
10943,0.07
19875,0.035
A5356,20.39940966
A2861,5.149634177
A11333,0.012
16970,0.011
19200,0.072
13259,0.011
E1529,0.418665758
12510,0.698
A5940,0.141974412
A7244,0.123
A3902,1.58
16080,0.1
E5751,4.48
A5567,2.784
A2122,0.105
E2154,0.777910915
A7014,0.613
316099,0.09
A10532,0.3045
E6098,0.18
16235,0.048
19756,0.015
A3021,0.989738551
A3752,24.4
16942,0.07
16858,0.004
A8632,2.98
21896,0.212
A3882,0.278959308
A3969,0.279866492
A2080,0.256
E5766,0.128
A10260,27.9
E1816,0.420480127
E2692,0.718
A2750,1.369848957
10486,0.02
12292,0.083
12615,0.002
171203,0.449
11580,1.019
A4002,3.51
E1175,0.7177
10490,0.186
A7109,2.456
176907,0.285763
10580,0.026
16684,0.015
16223,0.028
11695,0.011
A4804,0.282
A4954,0.6751
A4674,0.218631522
A8309,0.538
A3593,0.557
19510,0.1387
15854,0.007
A1427,11.1
A4144,1.350798078
A3217,0.372
A11092,1
22051,0.177
16621,0.076
18111,0.102
A5051,0.196859089
E5373,0.842
E1067,0.207745305
A2764,0.4
169649,0.362
A5373,0.524
A7756,0.18
A2777,2.519705615
168870,0.018
A2356,1.4388
10014,0.081
10284,0.094
11307,0.195
10432,0.05
10565,0.064
11314,0.775
19016,0.693
A7406,0.199
A3818,0.447
A7524,0.2924
A4969,0.157850145
A2938,2.149574241
A3101,0.037
19917,0.008
A8236,28.2
E3350,0.378296037
E5297,9.3
A6403,3.999777519
A5129,8
A4774,0.3
313940,0.26
176291,0.007
12453,0.078
10605,0.068
167548,0.01
A7359,0.123
E5757,13.8
A1690,31.99958093
10077,2.369
A5572,0.681
A7349,0.342008647
E2178,0.627
E1868,0.9248
19210,0.009
A11380,0.0645
A11379,0.129
18832,0.035
A4558,0.131088195
A4080,0.062142155
E2024,0.444
A1280,18.09969634
E4748,0.140160042
E6096,0.144
E3640,0.219992299
E1200,10.3
A2307,0.682656517
318382,0.007
11213,0.004
16323,0.003
10472,0.002
16581,0.1
10383,0.044
11364,0.024
E3791,0.404604394
A2009,3.14
A3814,1.5
E2301,1.07
A5183,0.829620445
15898,0.007
A1696,31.2996879
A5904,0.381017591
10038,0.01
E4701,0.105
A3255,1.06
A11323,146
E2320,0.152
E1994,0.366502635
A4946,0.1752
318391,0.002
286029,0.008
A5167,4.5
16058,0.004
16585,0.239
A4933,0.363781081
A4659,0.1876
20032,0.171
A11327,0.2534
A5656,0.901288039
170715,0.1
265583,0.05
A1426,2.45
A10416,0.6317
S2798,1
S2512,0.272
S2684,0.997
S2796,0.623
S2797,0.442
E4112,0.014
E6293,3.69
E3215,0.706
S2819,0.05
S2729,0.216
E4232,150
E5442,349
E4665,351
A10346,0.462
21979,0.002
A7565,0.001
16349,0.007
315547,0.042
296801,0.318
322656,0.037
181256,0.156
168918,0.152
170306,0.106
167822,0.004
167819,0.001
323798,0.04
10102,0.207
A3769,17.2
E5316,0.556
A3958,4.948692757
A5173,2.31
E6042,1.15
A4349,0.909906294
169935,4.53
A10151,0.59
A4538,0.083914588
170953,0.035
A2353,2.178604153
A8879,0.759
E4126,0.312
A2375,0.125645086
A3430,0.491694129
E2702,3.05
A5000,0.143788781
A4495,2.092875195
E1987,0.366
A2112,3.74
A3331,0.253
A8420,18.8
14109,0.192
A2726,0.952
169078,0.023
A7281,2.44985239
12438,0.013
A8422,7.46
A5513,0.351
E3724,0.5909
E5919,3.49
E3296,0.0193
E2712,0.20865249
316096,0.368317
E4221,0.133
A6006,0.083007404
171596,0.011
A2002,1.0419
A5938,1.299995732
A4869,0.127913048
A3024,0.782900431
313909,1.84
E2710,0.423
E1681,2.16
A7400,0.3
E6248,5
E4525,0.037
A10636,0.02
10495,0.198
10114,1.547
A3153,0.607
319810,1
A4344,0.123
A7428,0.153314221
A5012,1.039633712
E1364,0.155
A7020,0.123
E1158,42.2
192816,0.018
E4776,0.0805
262519,0.042
E5537,52.9
E5516,43.5
E5545,2.5
E5559,12.9
A10874,0.6
176692,0.014
10244,0.006
A10587,0.1424
E2363,0.128820233
A2937,1.146
170233,0.038
A5561,0.765663921
325169,1
11356,0.38
10380,0.168
A7279,2.95
E5139,0.678
E1459,0.108
A6413,0.344
13075,0.089
13953,0.004
A10130,0.7332678
A10531,0.3045
A8407,0.338
10616,0.004
10524,0.05
E3411,0.185972872
E2912,0.063
E1228,0.0519903
10082,0.467
189863,0.062
21496,0.016
E2713,0.2
176894,0.011793
10510,0.054
S2768,3.08
15868,0.019
S2767,3.08
177022,0.19958
167870,0.003
10646,0.01
15282,0.165
20678,0.004
16287,0.034
A6285,0.133809749
A3983,0.534785404
19467,0.014
A10362,0.5355
15900,0.011
170612,0.027
191963,0.0249475
14460,0.0898
13950,0.1456
18202,0.044
18244,0.003
12532,0.082
E5987,1.01
E3952,0.227
E5789,0.014
A4927,0.094800805
11359,0.032
A2450,0.031
A3228,1.072292363
13074,0.089
A4248,6.818400506
14062,0.081
10081,0.303
11258,0.014
10298,0.001
313545,0.07
313914,8.5
313915,14.95
313916,0.07
313920,0.23
313934,0.05
313935,0.07
313936,0.1
313937,0.13
313938,0.17
313939,0.2
313941,0.3
313945,0.98
313949,5.59
313950,9.36
313953,0.1
313962,0.98
A2089,1.19
E1795,3.68
16544,0.06
16355,0.036
11264,0.006
A4635,0.29
21589,0.1043262
E6196,0.212
E5293,3.612
A8395,0.103
E2785,0.069853225
A1533,2.433523065
E3034,0.25265095
15450,0.028
325168,1
182281,0.147
S2799,0.226
S2800,0.401
E6055,0.404
S2801,0.468
S2810,0.246
S2802,0.21
A2984,21.83094718
A10316,0.0095
A10317,0.0095
14784,0.009
E1249,0.816012674
295461,0.030345
293091,0.00044092
170895,0.078
167712,0.076
170541,0.048
21730,0.03086
170686,0.06
169546,0.026455
170010,0.062
327204,0.07
E3328,0.354255641
E4194,0.596927559
E2740,2.594548356
11523,0.07
A3022,1.179793754
A4613,0.1648
E2041,0.283
13466,0.0001252
E1445,0.209559675
13561,0.095
10957,0.069
16545,0.005
A1125,11.29989312
A4775,0.269
A6349,0.276691346
16360,0.605
E6094,0.285
E6311,172
20178,0.088
A8710,3.87
E1506,0.604
E1991,0.284
11483,0.032
169038,0.281
A7754,0.15
A5924,0.524806372
13135,0.265
13763,0.39
E4046,1.27
E4739,0.13
E3120,0.220899484
265154,0.0007
10147,0.036
A8028,1
11270,0.167
A2509,1.799854524
A4580,0.35788438
A6234,0.7497
10329,0.036
E1794,1.644725934
A5946,0.7789
E4996,0.2268
A7217,0.123
11355,0.241
10827,0.041
170847,0.281
15217,0.005
169090,0.096
A2087,1.069570808
E5560,2
319420,0.007
16236,0.038
A3171,0.316
10173,0.005
319435,1
10268,0.16
A11344,0.429
E4118,0.354
A8647,0.019
A5526,0.123
E2459,0.265
10747,0.173
E1027,0.509384232
13710,0.067
E5779,0.449
13665,0.008
19549,0.048
170947,0.241
A6224,0.028
A10852,0.2445
A8321,8.02
17845,0.09072
A1776,0.059
A5475,19.29944816
A6570,0.0110929
A5342,0.029765
A6353,0.0056634
A6674,0.0236394
A7352,0.519816856
10688,0.006
10029,0.82
E2172,9.99808302
A1018,1.715032751
A1470,5.289794219
174285,0.02
A11368,0.65
A10186,0.618
A6103,0.129727418
A1930,1.401600423
18642,0.222
E1179,0.8675
323615,1
A6345,0.263
S1967,0.173
A3215,0.141
169381,0.000661
A4872,0.404
10526,0.01
10697,0.042
10234,0.019
A8507,0.653
15871,0.006
170521,0.005
10243,0.015
A2994,0.115
A4514,1.19
A3835,0.048
A10480,50
E5302,0.125
S2876,1.15
S2875,2.54
14730,0.1876965
309939,0.010079
A7233,0.2448
A8248,5.98
E1463,0.943925722
E1716,0.159210922
A11326,0.65
E4732,3.78
E1684,3.62
A7620,0.161
A2034,16.9
A4005,0.57
A7256,2.799572108
287653,0.030345
A2617,36.3
177010,0.285763
A7288,0.04
A7367,1.632
15965,0.049
A4734,0.188694426
10186,0.011
14306,0.038
E1035,1.299995732
A2668,1.2
10307,0.055
10661,0.084
A4614,0.407
15674,0.000826
E4585,0.563
A2865,0.282134454
12529,0.276
E3148,0.129
A11336,2.4912
S2879,0.743
E6037,0.655
S2877,0.134
A4238,1.299995732
E3882,0.531610258
A1767,0.456313924
E4711,0.18
190824,0.128125
A5894,0.103872653
E3406,0.490786944
E6308,6100
S2401,1.01
E3985,0.045
S2865,1
S2715,1
S2866,0.107
S2857,0.19
S2697,0.212
A5178,0.003
A1309,2489.97445
A3113,420
13264,0.002
20357,0.008
15169,0.002
170694,0.178
321528,0.240304
312615,0.085
308327,1.299
E1325,4.13
10311,0.022
A6836,0.64
A6149,0.007
A6527,0.219
A6583,0.489
E2011,0.372
A7209,1.579862225
18948,0.002758
E5497,0.191
A8141,1
A4565,0.0862
E4425,3.279926427
A8440,3.57
A8308,1.18
E2261,0.08
E1746,0.357
10549,0.055
11365,0.258
A5594,2.082442571
A2771,0.336
A10646,0.99
320086,1
16500,0.01585
11003,0.175
10634,0.02
E3978,0.144
E3826,0.345
A6766,0.186
17395,0.01
E3469,0.324
E2947,2.3
10270,0.043
170674,0.052
313924,0.6
10699,0.019
A5756,0.294835041
A5781,2.11
A5660,0.605999406
11048,0.042
A1973,1.16
A10727,0.055
A5641,0.1133
E1301,0.546578806
A1217,3.58
A2378,1.331293606
169551,0.007
A3850,0.037648167
E4130,0.843
A5934,0.654987382
A10269,0.12
A8319,5.45
1355